split,filename,niqe,brisque,piqe
val,0_1_part_001.mp4_frame_000012.jpg,3.9019,39.5598,31.9795
val,0_1_part_001.mp4_frame_000023.jpg,4.929,40.78,53.7544
val,0_1_part_001.mp4_frame_000043.jpg,5.1023,42.3981,57.1521
val,0_1_part_001.mp4_frame_000050.jpg,4.9055,41.5939,52.9629
val,0_1_part_001.mp4_frame_000062.jpg,4.6544,40.2565,45.4113
val,0_1_part_001.mp4_frame_000063.jpg,4.7195,40.3542,46.5071
val,0_1_part_001.mp4_frame_000114.jpg,6.392,52.3181,62.2638
val,0_1_part_001.mp4_frame_000121.jpg,6.2613,51.6667,63.2157
val,0_1_part_001.mp4_frame_000129.jpg,6.2792,52.7414,64.2304
val,0_1_part_001.mp4_frame_000133.jpg,6.4024,53.3317,66.6889
val,0_1_part_001.mp4_frame_000134.jpg,6.3108,53.028,65.966
val,0_1_part_001.mp4_frame_000149.jpg,6.3679,52.5202,66.3078
val,0_1_part_001.mp4_frame_000153.jpg,6.314,52.1657,67.1594
val,0_1_part_001.mp4_frame_000155.jpg,6.4048,52.5539,67.4452
val,0_1_part_001.mp4_frame_000170.jpg,5.555,47.1354,60.365
val,0_1_part_001.mp4_frame_000174.jpg,5.2235,45.5905,56.912
val,0_1_part_001.mp4_frame_000205.jpg,5.1734,44.8347,61.8886
val,0_1_part_001.mp4_frame_000215.jpg,4.6146,41.6569,50.9071
val,0_1_part_001.mp4_frame_000218.jpg,4.3011,40.0202,44.0379
val,0_1_part_001.mp4_frame_000230.jpg,4.2888,43.5554,46.3069
val,0_1_part_001.mp4_frame_000251.jpg,4.3347,43.9987,40.8047
val,0_1_part_001.mp4_frame_000255.jpg,4.247,43.8889,35.6365
val,0_1_part_001.mp4_frame_000268.jpg,3.8896,32.6384,36.1981
val,0_1_part_001.mp4_frame_000273.jpg,3.8547,30.3679,35.6595
val,0_1_part_001.mp4_frame_000299.jpg,3.7809,32.8234,38.21
val,0_1_part_001.mp4_frame_000302.jpg,3.8897,34.8898,42.9644
val,0_1_part_001.mp4_frame_000304.jpg,3.8437,35.8058,44.3838
val,0_1_part_001.mp4_frame_000308.jpg,4.0276,37.1608,46.4042
val,0_1_part_001.mp4_frame_000309.jpg,4.0261,37.6569,46.8642
val,0_1_part_001.mp4_frame_000320.jpg,4.4039,39.4724,46.6836
val,0_1_part_001.mp4_frame_000322.jpg,4.4718,39.591,47.6085
val,0_1_part_001.mp4_frame_000343.jpg,4.3995,38.7892,52.6171
val,0_1_part_001.mp4_frame_000346.jpg,4.3789,39.7761,50.6184
val,0_1_part_001.mp4_frame_000356.jpg,3.8694,34.2307,44.2053
val,0_1_part_001.mp4_frame_000358.jpg,3.7975,33.6906,43.9112
val,0_1_part_001.mp4_frame_000371.jpg,3.8609,32.506,46.2359
val,0_1_part_001.mp4_frame_000391.jpg,3.7507,32.2761,42.8395
val,0_1_part_001.mp4_frame_000407.jpg,4.0205,34.1501,43.3536
val,0_1_part_001.mp4_frame_000421.jpg,3.775,32.6721,39.8091
val,0_1_part_001.mp4_frame_000427.jpg,3.8696,33.383,40.6327
val,0_1_part_001.mp4_frame_000428.jpg,3.7596,33.7433,41.1475
val,0_1_part_001.mp4_frame_000429.jpg,3.7503,33.7331,42.0283
val,0_1_part_001.mp4_frame_000430.jpg,3.7828,33.9684,41.652
val,0_1_part_001.mp4_frame_000436.jpg,3.8895,34.3039,40.1206
val,0_1_part_001.mp4_frame_000448.jpg,3.8543,28.1105,40.9681
val,0_1_part_001.mp4_frame_000460.jpg,3.8618,25.6979,41.2243
val,0_1_part_001.mp4_frame_000466.jpg,3.8314,25.3449,40.5235
val,0_1_part_001.mp4_frame_000491.jpg,4.2328,26.2619,41.2504
val,0_1_part_001.mp4_frame_000498.jpg,4.0751,25.1574,37.9538
val,0_1_part_001.mp4_frame_000506.jpg,4.3815,26.3806,38.7182
val,0_1_part_001.mp4_frame_000514.jpg,4.4543,29.405,42.7424
val,0_1_part_001.mp4_frame_000516.jpg,4.7831,36.2057,43.734
val,0_1_part_001.mp4_frame_000517.jpg,4.7989,38.4675,43.885
val,0_1_part_001.mp4_frame_000538.jpg,4.6131,38.8366,48.7964
val,0_1_part_001.mp4_frame_000539.jpg,4.6717,39.4533,51.1086
val,0_1_part_001.mp4_frame_000549.jpg,4.3846,34.3034,47.7589
val,0_1_part_001.mp4_frame_000553.jpg,4.414,32.7453,49.9358
val,0_1_part_001.mp4_frame_000554.jpg,4.4607,32.3679,47.3953
val,0_1_part_001.mp4_frame_000559.jpg,4.508,33.111,48.3058
val,0_1_part_001.mp4_frame_000570.jpg,4.4263,34.5202,52.7528
val,0_1_part_002.mp4_frame_000006.jpg,4.1291,44.1789,42.6816
val,0_1_part_002.mp4_frame_000018.jpg,4.3191,43.466,39.9257
val,0_1_part_002.mp4_frame_000023.jpg,4.3956,44.4289,32.178
val,0_1_part_002.mp4_frame_000041.jpg,6.9237,60.381,67.1833
val,0_1_part_002.mp4_frame_000044.jpg,7.6557,64.5974,68.7302
val,0_1_part_002.mp4_frame_000048.jpg,7.4652,62.2878,70.3848
val,0_1_part_002.mp4_frame_000053.jpg,7.3909,61.5422,73.846
val,0_1_part_002.mp4_frame_000060.jpg,7.5107,61.3371,65.4431
val,0_1_part_002.mp4_frame_000065.jpg,7.2379,59.2795,65.2488
val,0_1_part_002.mp4_frame_000077.jpg,7.6342,61.7111,70.9103
val,0_1_part_002.mp4_frame_000083.jpg,8.2513,62.9982,63.0647
val,0_1_part_002.mp4_frame_000084_negative.jpg,8.7421,64.8889,70.1527
val,0_1_part_002.mp4_frame_000106_negative.jpg,8.0068,60.4421,72.6203
val,0_1_part_002.mp4_frame_000111_negative.jpg,7.527,59.1799,69.8618
val,0_1_part_002.mp4_frame_000115_negative.jpg,7.357,57.9328,61.3317
val,0_1_part_002.mp4_frame_000154.jpg,6.7814,58.2497,66.154
val,0_1_part_002.mp4_frame_000155.jpg,7.0537,59.6808,69.3966
val,0_1_part_002.mp4_frame_000166.jpg,6.7223,59.0729,65.3349
val,0_1_part_002.mp4_frame_000167.jpg,6.8965,60.3283,68.5863
val,0_1_part_002.mp4_frame_000190.jpg,6.8518,59.1691,67.0678
val,0_1_part_002.mp4_frame_000194.jpg,7.0047,60.4064,69.9932
val,0_1_part_002.mp4_frame_000207.jpg,8.0632,57.4313,66.602
val,0_1_part_002.mp4_frame_000211.jpg,8.0767,55.6242,51.859
val,0_1_part_002.mp4_frame_000212.jpg,8.0935,55.5593,58.0697
val,0_1_part_002.mp4_frame_000227_negative.jpg,8.0963,59.3806,67.4085
val,0_1_part_002.mp4_frame_000229_negative.jpg,8.0772,59.3625,63.7419
val,0_1_part_002.mp4_frame_000244_negative.jpg,7.0969,53.779,62.9584
val,0_1_part_002.mp4_frame_000263.jpg,4.8504,36.613,50.3623
val,0_1_part_002.mp4_frame_000265.jpg,4.7108,35.9133,46.4258
val,0_1_part_002.mp4_frame_000283.jpg,4.5678,34.6154,43.3269
val,0_1_part_002.mp4_frame_000300.jpg,4.5882,34.3459,44.2987
val,0_1_part_002.mp4_frame_000302.jpg,4.598,33.8078,44.3655
val,0_1_part_002.mp4_frame_000303.jpg,4.5388,33.9494,45.1897
val,0_1_part_002.mp4_frame_000309.jpg,4.6519,33.9304,45.7462
val,0_1_part_002.mp4_frame_000316.jpg,4.5488,33.9846,44.8647
val,0_1_part_002.mp4_frame_000324.jpg,4.6722,35.1271,48.4853
val,0_1_part_002.mp4_frame_000326.jpg,4.5977,34.6481,45.2174
val,0_1_part_002.mp4_frame_000347.jpg,4.7478,35.1579,46.0524
val,0_1_part_002.mp4_frame_000348.jpg,4.7318,35.2639,47.5097
val,0_1_part_002.mp4_frame_000357.jpg,4.6421,34.3522,44.2566
val,0_1_part_002.mp4_frame_000359.jpg,4.7028,34.382,43.7148
val,0_1_part_002.mp4_frame_000367.jpg,4.5712,34.4025,43.0585
val,0_1_part_002.mp4_frame_000371.jpg,4.5423,34.5324,44.3535
val,0_1_part_002.mp4_frame_000414.jpg,4.5663,34.8976,43.4659
val,0_1_part_002.mp4_frame_000416.jpg,4.5814,35.1931,44.7269
val,0_1_part_002.mp4_frame_000417.jpg,4.6545,35.1691,43.7035
val,0_1_part_002.mp4_frame_000428.jpg,4.6433,35.593,45.9723
val,0_1_part_002.mp4_frame_000435.jpg,4.6059,35.7595,45.1039
val,0_1_part_002.mp4_frame_000437.jpg,4.5521,34.9606,44.7211
val,0_1_part_002.mp4_frame_000447.jpg,4.5861,35.8068,45.5142
val,0_1_part_002.mp4_frame_000449.jpg,4.5582,35.7385,44.8232
val,0_1_part_002.mp4_frame_000454.jpg,4.6159,36.0837,45.8426
val,0_1_part_002.mp4_frame_000462.jpg,4.4728,33.8605,42.7864
val,0_1_part_002.mp4_frame_000472.jpg,4.4377,34.6442,43.5235
val,0_1_part_002.mp4_frame_000474.jpg,4.4509,34.1613,43.7666
val,0_1_part_002.mp4_frame_000480.jpg,4.5254,34.4704,44.7419
val,0_1_part_002.mp4_frame_000481.jpg,4.5589,34.8166,44.8926
val,0_1_part_002.mp4_frame_000492.jpg,4.5816,35.1994,45.8935
val,0_1_part_002.mp4_frame_000495.jpg,4.6078,35.0612,47.1261
val,0_1_part_002.mp4_frame_000498.jpg,4.5624,34.7082,45.287
val,0_1_part_002.mp4_frame_000520.jpg,4.6114,34.7097,50.2612
val,0_1_part_002.mp4_frame_000536.jpg,4.9706,42.9738,53.3894
val,0_1_part_002.mp4_frame_000540.jpg,5.0538,45.9186,54.2115
val,0_1_part_002.mp4_frame_000542.jpg,5.0581,44.59,53.6052
val,0_1_part_002.mp4_frame_000543.jpg,5.0633,43.8337,54.152
val,0_1_part_002.mp4_frame_000552.jpg,5.2188,46.3195,55.6692
val,0_1_part_002.mp4_frame_000561.jpg,5.0962,41.8303,52.5148
val,0_1_part_002.mp4_frame_000569.jpg,5.211,44.1164,53.4244
val,0_1_part_002.mp4_frame_000574.jpg,5.2812,43.8664,54.8225
val,0_1_part_002.mp4_frame_000578.jpg,5.4637,45.7785,55.4261
val,0_1_part_003.mp4_frame_000005.jpg,5.1882,46.4167,51.8649
val,0_1_part_003.mp4_frame_000008.jpg,5.1041,44.7468,49.6859
val,0_1_part_003.mp4_frame_000017.jpg,4.9472,40.9455,49.9394
val,0_1_part_003.mp4_frame_000028.jpg,4.8576,40.5798,50.3497
val,0_1_part_003.mp4_frame_000031.jpg,4.8947,39.988,51.6625
val,0_1_part_003.mp4_frame_000041.jpg,4.7098,37.5925,49.163
val,0_1_part_003.mp4_frame_000047.jpg,4.7705,37.9338,52.9002
val,0_1_part_003.mp4_frame_000056.jpg,4.603,34.6652,42.6813
val,0_1_part_003.mp4_frame_000063.jpg,4.6465,34.9064,46.4527
val,0_1_part_003.mp4_frame_000068.jpg,4.6592,35.3859,47.8638
val,0_1_part_003.mp4_frame_000082.jpg,5.2662,43.0075,54.6103
val,0_1_part_003.mp4_frame_000095.jpg,5.0034,41.1569,52.8561
val,0_1_part_003.mp4_frame_000097.jpg,5.1131,40.7839,52.7615
val,0_1_part_003.mp4_frame_000099.jpg,4.983,40.1652,52.434
val,0_1_part_003.mp4_frame_000101.jpg,4.9956,40.5847,52.9323
val,0_1_part_003.mp4_frame_000106.jpg,4.8376,38.9772,50.935
val,0_1_part_003.mp4_frame_000132.jpg,4.867,36.7048,47.7068
val,0_1_part_003.mp4_frame_000145.jpg,4.9808,37.884,47.6726
val,0_1_part_003.mp4_frame_000159.jpg,4.7469,36.8464,49.0022
val,0_1_part_003.mp4_frame_000161.jpg,4.7313,37.0934,48.9656
val,0_1_part_003.mp4_frame_000179.jpg,4.6912,35.987,46.9155
val,0_1_part_003.mp4_frame_000188.jpg,4.8021,37.5217,48.5014
val,0_1_part_003.mp4_frame_000209.jpg,4.7899,37.0378,50.0097
val,0_1_part_003.mp4_frame_000239.jpg,4.713,37.4797,46.382
val,0_1_part_003.mp4_frame_000245.jpg,4.6961,37.6633,49.4849
val,0_1_part_003.mp4_frame_000253.jpg,4.8088,37.4416,48.7064
val,0_1_part_003.mp4_frame_000259.jpg,4.6361,35.0998,46.8214
val,0_1_part_003.mp4_frame_000261.jpg,4.6196,34.9631,46.7412
val,0_1_part_003.mp4_frame_000270.jpg,4.7195,35.1476,45.5851
val,0_1_part_003.mp4_frame_000271.jpg,4.6687,34.6193,44.3815
val,0_1_part_003.mp4_frame_000283.jpg,4.5959,33.9684,44.6607
val,0_1_part_003.mp4_frame_000308.jpg,4.6556,32.9836,42.8583
val,0_1_part_003.mp4_frame_000309.jpg,4.6892,32.7126,44.0474
val,0_1_part_003.mp4_frame_000313.jpg,4.5908,31.9118,42.9014
val,0_1_part_003.mp4_frame_000325.jpg,4.6996,32.9172,43.7572
val,0_1_part_003.mp4_frame_000366.jpg,4.5925,32.5134,41.7275
val,0_1_part_003.mp4_frame_000374.jpg,4.5707,32.4201,40.6625
val,0_1_part_003.mp4_frame_000386.jpg,4.5547,32.6935,41.3813
val,0_1_part_003.mp4_frame_000404.jpg,4.6209,33.7307,42.6309
val,0_1_part_003.mp4_frame_000420.jpg,4.7341,32.362,42.5413
val,0_1_part_003.mp4_frame_000421.jpg,4.666,31.8176,44.4749
val,0_1_part_003.mp4_frame_000448.jpg,4.6632,31.2184,43.6292
val,0_1_part_003.mp4_frame_000467.jpg,4.5069,31.363,43.6428
val,0_1_part_003.mp4_frame_000476.jpg,4.6268,28.05,39.5561
val,0_1_part_003.mp4_frame_000483.jpg,5.0255,32.8864,46.644
val,0_1_part_003.mp4_frame_000506.jpg,6.5133,53.1901,62.1129
val,0_1_part_003.mp4_frame_000513.jpg,6.5174,53.2849,60.7239
val,0_1_part_003.mp4_frame_000529.jpg,6.9531,52.0588,63.6642
val,0_1_part_003.mp4_frame_000562.jpg,4.8131,32.696,48.6548
val,0_1_part_003.mp4_frame_000574.jpg,4.4588,34.4318,43.6428
val,0_1_part_004.mp4_frame_000002.jpg,4.0803,31.3859,39.0102
val,0_1_part_004.mp4_frame_000009.jpg,4.2692,33.2282,40.9669
val,0_1_part_004.mp4_frame_000010.jpg,4.3563,33.048,41.2771
val,0_1_part_004.mp4_frame_000013.jpg,4.3508,30.3947,37.3214
val,0_1_part_004.mp4_frame_000014.jpg,4.4406,31.2248,39.9937
val,0_1_part_004.mp4_frame_000017.jpg,4.5786,33.9543,43.2468
val,0_1_part_004.mp4_frame_000027.jpg,5.637,46.4045,54.8701
val,0_1_part_004.mp4_frame_000061.jpg,7.0885,61.1096,73.4039
val,0_1_part_004.mp4_frame_000062.jpg,7.1416,60.3893,70.6176
val,0_1_part_004.mp4_frame_000066.jpg,6.9332,58.8781,64.3744
val,0_1_part_004.mp4_frame_000085.jpg,6.9898,60.4489,67.1792
val,0_1_part_004.mp4_frame_000087.jpg,6.8624,59.4714,67.6127
val,0_1_part_004.mp4_frame_000100.jpg,6.7131,57.7971,67.4086
val,0_1_part_004.mp4_frame_000103.jpg,6.781,57.1828,62.0327
val,0_1_part_004.mp4_frame_000119.jpg,7.0084,58.9528,69.7825
val,0_1_part_004.mp4_frame_000156.jpg,7.0919,59.6047,67.7707
val,0_1_part_004.mp4_frame_000163.jpg,6.798,57.757,63.1952
val,0_1_part_004.mp4_frame_000164.jpg,6.7878,57.926,65.6932
val,0_1_part_004.mp4_frame_000179.jpg,7.1296,58.9225,73.3347
val,0_1_part_004.mp4_frame_000182.jpg,7.0116,58.4836,66.196
val,0_1_part_004.mp4_frame_000183.jpg,6.9566,58.027,68.5307
val,0_1_part_004.mp4_frame_000193.jpg,6.9131,59.2321,66.4509
val,0_1_part_004.mp4_frame_000194.jpg,6.8479,58.3425,64.8877
val,0_1_part_004.mp4_frame_000201.jpg,6.7025,56.9499,67.9283
val,0_1_part_004.mp4_frame_000218.jpg,6.4884,52.3635,66.1613
val,0_1_part_004.mp4_frame_000223.jpg,5.9722,48.6223,61.2509
val,0_1_part_004.mp4_frame_000229.jpg,6.0465,48.8835,63.0263
val,0_1_part_004.mp4_frame_000243.jpg,5.9016,46.8132,59.8277
val,0_1_part_004.mp4_frame_000277.jpg,5.8662,47.6711,62.6124
val,0_1_part_004.mp4_frame_000301.jpg,5.3718,41.1921,58.3258
val,0_1_part_004.mp4_frame_000312.jpg,4.8004,35.862,42.5974
val,0_1_part_004.mp4_frame_000323.jpg,4.0725,34.7531,38.0034
val,0_1_part_004.mp4_frame_000325.jpg,3.9116,33.8498,33.4862
val,0_1_part_004.mp4_frame_000336.jpg,3.6732,34.1125,30.8996
val,0_1_part_004.mp4_frame_000341.jpg,3.9888,39.1159,25.5025
val,0_1_part_004.mp4_frame_000344.jpg,4.0469,38.5974,24.329
val,0_1_part_004.mp4_frame_000353.jpg,4.2098,31.4977,40.0138
val,0_1_part_004.mp4_frame_000395.jpg,4.1153,33.0378,36.349
val,0_1_part_004.mp4_frame_000421.jpg,4.0052,32.1447,35.7516
val,0_1_part_004.mp4_frame_000438.jpg,3.9292,31.9753,34.1406
val,0_1_part_004.mp4_frame_000477.jpg,3.9952,32.3386,34.3676
val,0_1_part_004.mp4_frame_000480.jpg,3.9591,32.5236,34.5187
val,0_1_part_004.mp4_frame_000482.jpg,3.8849,32.2062,33.0735
val,0_1_part_004.mp4_frame_000485.jpg,3.9583,32.4758,33.8669
val,0_1_part_004.mp4_frame_000486.jpg,3.9494,32.2492,33.9858
val,0_1_part_004.mp4_frame_000498.jpg,3.9182,33.0666,34.4043
val,0_1_part_004.mp4_frame_000500.jpg,3.956,33.1862,34.4128
val,0_1_part_004.mp4_frame_000508.jpg,3.9673,33.0016,35.5228
val,0_1_part_004.mp4_frame_000539.jpg,4.0033,33.5466,34.317
val,0_1_part_004.mp4_frame_000568.jpg,3.8773,33.1154,33.7585
val,0_1_part_004.mp4_frame_000575.jpg,4.0309,34.32,37.1119
val,0_1_part_004.mp4_frame_000583.jpg,4.015,33.7165,36.5352
val,0_1_part_005.mp4_frame_000007.jpg,3.9178,32.1315,33.3807
val,0_1_part_005.mp4_frame_000015.jpg,4.0679,26.6052,42.3128
val,0_1_part_005.mp4_frame_000035.jpg,4.5316,36.1774,47.3843
val,0_1_part_005.mp4_frame_000050.jpg,4.5102,36.2526,47.0064
val,0_1_part_005.mp4_frame_000079.jpg,4.5112,37.278,45.0352
val,0_1_part_005.mp4_frame_000081.jpg,4.4798,37.4211,44.559
val,0_1_part_005.mp4_frame_000131.jpg,4.3989,39.049,46.7138
val,0_1_part_005.mp4_frame_000133.jpg,4.3138,39.0827,45.331
val,0_1_part_005.mp4_frame_000139.jpg,4.3711,36.6657,43.7434
val,0_1_part_005.mp4_frame_000144.jpg,4.4454,39.7189,45.2967
val,0_1_part_005.mp4_frame_000157.jpg,4.3116,38.382,46.2614
val,0_1_part_005.mp4_frame_000190.jpg,4.4284,38.8972,44.4969
val,0_1_part_005.mp4_frame_000194.jpg,4.4044,40.2477,46.9187
val,0_1_part_005.mp4_frame_000195.jpg,4.4421,40.4211,48.0898
val,0_1_part_005.mp4_frame_000199.jpg,4.3925,41.9772,44.9686
val,0_1_part_005.mp4_frame_000200.jpg,4.3411,42.8391,46.8008
val,0_1_part_005.mp4_frame_000204.jpg,4.4561,48.1135,46.8431
val,0_1_part_005.mp4_frame_000205.jpg,4.5057,47.6672,47.9088
val,0_1_part_005.mp4_frame_000216.jpg,4.6847,47.4509,47.5947
val,0_1_part_005.mp4_frame_000223.jpg,4.7366,46.3005,48.2385
val,0_1_part_005.mp4_frame_000224.jpg,4.699,46.4933,47.6943
val,0_1_part_005.mp4_frame_000228.jpg,4.7193,48.9011,48.6006
val,0_1_part_005.mp4_frame_000249.jpg,4.4909,40.674,44.6362
val,0_1_part_005.mp4_frame_000253.jpg,4.5342,40.8586,47.7599
val,0_1_part_005.mp4_frame_000274.jpg,4.3701,34.8205,45.4909
val,0_1_part_005.mp4_frame_000297.jpg,4.5527,33.3322,47.4156
val,0_1_part_005.mp4_frame_000302.jpg,4.1787,27.5109,39.2071
val,0_1_part_005.mp4_frame_000311.jpg,4.2233,27.2194,40.5748
val,0_1_part_005.mp4_frame_000316.jpg,4.2555,27.6633,39.2155
val,0_1_part_005.mp4_frame_000324.jpg,4.3434,29.3708,42.6329
val,0_1_part_005.mp4_frame_000327.jpg,4.1916,28.8542,40.101
val,0_1_part_005.mp4_frame_000340.jpg,4.3172,30.0266,40.9709
val,0_1_part_005.mp4_frame_000351.jpg,4.289,30.6389,40.9987
val,0_1_part_005.mp4_frame_000354.jpg,4.2384,30.6955,40.4874
val,0_1_part_005.mp4_frame_000364.jpg,3.8777,25.8381,33.4454
val,0_1_part_005.mp4_frame_000392.jpg,3.347,34.6022,31.5917
val,0_1_part_005.mp4_frame_000405.jpg,4.8139,50.6506,50.7423
val,0_1_part_005.mp4_frame_000410.jpg,4.564,39.5871,45.1796
val,0_1_part_005.mp4_frame_000422.jpg,4.5203,37.946,42.0648
val,0_1_part_006.mp4_frame_000013.jpg,4.0672,41.7844,43.9268
val,0_1_part_006.mp4_frame_000016.jpg,3.9376,38.3303,38.8101
val,0_1_part_006.mp4_frame_000018.jpg,4.9864,43.2038,54.1433
val,0_1_part_006.mp4_frame_000023.jpg,4.2394,44.8879,47.3007
val,0_1_part_006.mp4_frame_000025.jpg,4.143,44.0241,47.1288
val,0_1_part_006.mp4_frame_000034.jpg,5.2104,42.3713,58.0274
val,0_1_part_006.mp4_frame_000041.jpg,3.9388,35.8708,36.33
val,0_1_part_006.mp4_frame_000055.jpg,3.4972,35.3381,28.5457
val,0_1_part_006.mp4_frame_000066.jpg,3.5951,33.1017,30.2611
val,0_1_part_006.mp4_frame_000104.jpg,3.2309,33.6149,24.1557
val,0_1_part_006.mp4_frame_000105.jpg,2.9015,30.2726,25.5906
val,0_1_part_006.mp4_frame_000107.jpg,2.9925,30.6052,24.7082
val,0_1_part_006.mp4_frame_000110.jpg,3.1602,32.8107,25.0059
val,0_1_part_006.mp4_frame_000117.jpg,3.2128,33.383,24.8242
val,0_1_part_006.mp4_frame_000122.jpg,3.5395,36.0646,25.5231
val,0_1_part_006.mp4_frame_000125.jpg,3.0509,31.4172,22.3239
val,0_1_part_006.mp4_frame_000132.jpg,3.6131,37.2224,27.1267
val,0_1_part_006.mp4_frame_000138.jpg,3.6447,38.0939,21.4047
val,0_1_part_006.mp4_frame_000143.jpg,4.0904,38.5041,25.3877
val,0_1_part_006.mp4_frame_000166.jpg,3.4629,20.2629,28.9042
val,0_1_part_006.mp4_frame_000167.jpg,3.6464,21.7302,28.1989
val,0_1_part_006.mp4_frame_000176.jpg,3.9576,29.3537,30.6237
val,0_1_part_006.mp4_frame_000180_negative.jpg,4.08,31.0793,31.564
val,0_1_part_006.mp4_frame_000196_negative.jpg,4.0118,28.8278,33.5008
val,0_1_part_006.mp4_frame_000206_negative.jpg,4.2612,31.9338,40.9945
val,0_1_part_006.mp4_frame_000212_negative.jpg,4.7634,37.924,47.3548
val,0_1_part_006.mp4_frame_000213_negative.jpg,4.7486,39.5456,47.014
val,0_1_part_006.mp4_frame_000223_negative.jpg,5.822,52.5817,53.2526
val,0_1_part_006.mp4_frame_000226_negative.jpg,6.191,55.7141,54.6899
val,0_1_part_006.mp4_frame_000238_negative.jpg,6.9962,62.4318,58.9258
val,0_1_part_006.mp4_frame_000239_negative.jpg,7.1886,62.8986,60.6513
val,0_1_part_006.mp4_frame_000251_negative.jpg,7.988,67.6193,64.516
val,0_1_part_006.mp4_frame_000253_negative.jpg,8.1798,69.3141,59.0856
val,0_1_part_006.mp4_frame_000255_negative.jpg,8.0463,67.5495,64.5679
val,0_1_part_006.mp4_frame_000256_negative.jpg,8.0179,67.1808,62.4361
val,0_1_part_006.mp4_frame_000261_negative.jpg,7.8165,68.6755,55.9596
val,0_1_part_006.mp4_frame_000262_negative.jpg,7.7202,67.7614,63.9407
val,0_1_part_006.mp4_frame_000273.jpg,3.9835,38.0202,18.1651
val,0_1_part_006.mp4_frame_000281.jpg,4.0834,42.2346,20.7658
val,0_1_part_006.mp4_frame_000282.jpg,4.1236,42.924,20.3294
val,0_1_part_006.mp4_frame_000285.jpg,4.1142,43.3698,21.1973
val,0_1_part_006.mp4_frame_000294.jpg,4.1774,44.4099,24.0227
val,0_1_part_006.mp4_frame_000296.jpg,4.1961,45.8132,24.6706
val,0_1_part_006.mp4_frame_000300.jpg,4.2453,46.4118,26.1238
val,0_1_part_006.mp4_frame_000308.jpg,4.3948,47.3351,26.0714
val,0_1_part_006.mp4_frame_000313.jpg,4.5252,47.6242,28.832
val,0_1_part_006.mp4_frame_000323.jpg,4.3649,44.05,25.0705
val,0_1_part_006.mp4_frame_000327.jpg,4.4211,43.6057,28.0483
val,0_1_part_006.mp4_frame_000328.jpg,4.4895,43.9162,27.8521
val,0_1_part_006.mp4_frame_000356.jpg,4.1407,41.9797,26.8665
val,0_1_part_006.mp4_frame_000362.jpg,4.1602,42.9826,26.9645
val,0_1_part_006.mp4_frame_000363.jpg,4.2052,43.279,26.3883
val,0_1_part_006.mp4_frame_000370.jpg,4.0234,41.8742,26.3909
val,0_1_part_006.mp4_frame_000391.jpg,4.155,42.1525,26.0831
val,0_1_part_006.mp4_frame_000405.jpg,4.1141,41.6486,29.0685
val,0_1_part_006.mp4_frame_000408.jpg,4.1861,41.1628,30.2502
val,0_1_part_006.mp4_frame_000411.jpg,4.193,40.8845,29.5324
val,0_1_part_006.mp4_frame_000415.jpg,4.1163,40.6652,30.653
val,0_1_part_006.mp4_frame_000425.jpg,4.5288,41.2961,31.9272
val,0_1_part_006.mp4_frame_000452.jpg,4.2692,40.7355,26.4072
val,0_1_part_006.mp4_frame_000474.jpg,4.916,35.4523,42.5873
val,0_1_part_006.mp4_frame_000479.jpg,4.9499,37.2492,46.9308
val,0_1_part_006.mp4_frame_000489.jpg,5.9399,47.2141,56.4889
val,0_1_part_006.mp4_frame_000494.jpg,6.323,49.5505,61.2688
val,0_1_part_006.mp4_frame_000497.jpg,6.432,51.9787,64.8832
val,0_1_part_006.mp4_frame_000503.jpg,5.0132,40.4221,49.4022
val,0_1_part_006.mp4_frame_000504.jpg,5.0149,40.7209,49.4986
val,0_1_part_006.mp4_frame_000508.jpg,4.808,39.5099,47.2967
val,0_1_part_006.mp4_frame_000525.jpg,4.6021,42.6813,49.4877
val,0_1_part_006.mp4_frame_000532.jpg,5.8953,49.9953,63.346
val,0_1_part_006.mp4_frame_000555.jpg,6.2667,51.466,59.2209
val,0_1_part_006.mp4_frame_000560.jpg,4.6307,38.4855,39.1619
val,0_1_part_007.mp4_frame_000001.jpg,4.044,38.4445,24.9884
val,0_1_part_007.mp4_frame_000002.jpg,3.9505,37.9831,24.9618
val,0_1_part_007.mp4_frame_000006.jpg,4.0737,39.9059,26.0034
val,0_1_part_007.mp4_frame_000047.jpg,4.0592,40.1833,30.9035
val,0_1_part_007.mp4_frame_000050.jpg,4.1513,41.2516,31.1601
val,0_1_part_007.mp4_frame_000065.jpg,4.179,41.5124,32.1629
val,0_1_part_007.mp4_frame_000070.jpg,3.663,36.8439,20.7271
val,0_1_part_007.mp4_frame_000079.jpg,3.9018,37.9445,24.5522
val,0_1_part_007.mp4_frame_000087.jpg,3.7631,38.2824,25.9266
val,0_1_part_007.mp4_frame_000091.jpg,3.7984,38.6882,26.7712
val,0_1_part_007.mp4_frame_000097.jpg,3.8063,36.8976,25.3159
val,0_1_part_007.mp4_frame_000106.jpg,4.0247,36.0651,31.5286
val,0_1_part_007.mp4_frame_000122.jpg,3.879,38.2521,29.5155
val,0_1_part_007.mp4_frame_000125.jpg,4.5045,37.2473,40.2955
val,0_1_part_007.mp4_frame_000126.jpg,5.071,40.5969,42.5154
val,0_1_part_007.mp4_frame_000131.jpg,3.7735,36.5812,20.752
val,0_1_part_007.mp4_frame_000150.jpg,3.894,38.1545,23.3453
val,0_1_part_007.mp4_frame_000154.jpg,3.954,37.7726,23.0908
val,0_1_part_007.mp4_frame_000173.jpg,4.1016,39.4201,25.8593
val,0_1_part_007.mp4_frame_000174.jpg,4.0971,39.5324,25.806
val,0_1_part_007.mp4_frame_000181.jpg,3.641,37.8806,24.1301
val,0_1_part_007.mp4_frame_000182.jpg,3.7509,37.5388,22.7926
val,0_1_part_007.mp4_frame_000185.jpg,3.8363,37.3893,23.6079
val,0_1_part_007.mp4_frame_000195.jpg,3.7839,35.7878,20.3815
val,0_1_part_007.mp4_frame_000227.jpg,3.9594,38.321,25.3521
val,0_1_part_007.mp4_frame_000231.jpg,3.8667,38.5109,24.1158
val,0_1_part_007.mp4_frame_000235.jpg,3.9858,38.6574,23.7392
val,0_1_part_007.mp4_frame_000241.jpg,3.8088,37.9987,23.366
val,0_1_part_007.mp4_frame_000243.jpg,3.915,38.1999,23.4693
val,0_1_part_007.mp4_frame_000257.jpg,3.7145,36.0705,20.789
val,0_1_part_007.mp4_frame_000260.jpg,4.136,36.07,29.82
val,0_1_part_007.mp4_frame_000267.jpg,4.4848,34.3034,33.0471
val,0_1_part_007.mp4_frame_000269.jpg,4.3122,34.2497,32.7223
val,0_1_part_007.mp4_frame_000287.jpg,4.1215,38.4431,31.1246
val,0_1_part_007.mp4_frame_000290.jpg,4.1007,38.4528,31.1947
val,0_1_part_007.mp4_frame_000291.jpg,4.0303,38.2057,32.067
val,0_1_part_007.mp4_frame_000296.jpg,4.2039,38.1428,39.8082
val,0_1_part_007.mp4_frame_000300.jpg,4.1578,37.0759,36.7628
val,0_1_part_007.mp4_frame_000330.jpg,4.0487,40.0681,30.0137
val,0_1_part_007.mp4_frame_000332.jpg,4.0302,39.5417,29.3494
val,0_1_part_007.mp4_frame_000335.jpg,3.9974,40.0109,29.0743
val,0_1_part_007.mp4_frame_000338.jpg,3.8748,38.8908,27.4519
val,0_1_part_007.mp4_frame_000342.jpg,3.9362,38.7878,27.8441
val,0_1_part_007.mp4_frame_000353.jpg,4.0011,40.3439,30.794
val,0_1_part_007.mp4_frame_000357.jpg,3.9708,40.4958,31.3919
val,0_1_part_007.mp4_frame_000360.jpg,3.9084,38.0187,25.7532
val,0_1_part_007.mp4_frame_000373.jpg,4.1875,39.1198,32.6197
val,0_1_part_007.mp4_frame_000402.jpg,4.3519,36.7673,39.8795
val,0_1_part_007.mp4_frame_000407.jpg,4.3606,37.7717,40.2267
val,0_1_part_007.mp4_frame_000410.jpg,4.3461,38.8527,40.6184
val,0_1_part_007.mp4_frame_000427.jpg,4.2447,36.0163,40.1202
val,0_1_part_007.mp4_frame_000448.jpg,4.5001,39.0275,40.196
val,0_1_part_007.mp4_frame_000458.jpg,4.3582,38.5358,40.285
val,0_1_part_007.mp4_frame_000461.jpg,4.3549,37.9562,41.5611
val,0_1_part_007.mp4_frame_000494.jpg,4.3789,39.0681,40.4142
val,0_1_part_007.mp4_frame_000499.jpg,4.1131,38.0734,39.6639
val,0_1_part_007.mp4_frame_000500.jpg,4.1657,38.1901,38.2718
val,0_1_part_007.mp4_frame_000509.jpg,4.2064,38.0685,39.0303
val,0_1_part_007.mp4_frame_000520.jpg,4.7079,37.1896,42.9109
val,0_1_part_007.mp4_frame_000528.jpg,4.9836,41.5475,49.795
val,0_1_part_007.mp4_frame_000536.jpg,4.5071,38.4235,43.1864
val,0_1_part_007.mp4_frame_000543.jpg,5.5143,39.3713,50.1369
val,0_1_part_007.mp4_frame_000554.jpg,4.54,36.093,39.9316
val,0_1_part_007.mp4_frame_000559.jpg,6.0381,48.9523,56.4299
val,0_1_part_007.mp4_frame_000578.jpg,4.7191,34.7531,42.9639
val,0_1_part_007.mp4_frame_000581.jpg,5.7303,40.9636,50.4103
val,0_1_part_008.mp4_frame_000010.jpg,4.0432,41.0051,30.8024
val,0_1_part_008.mp4_frame_000021.jpg,3.9194,40.3879,29.9811
val,0_1_part_008.mp4_frame_000024.jpg,4.0795,35.0822,35.4218
val,0_1_part_008.mp4_frame_000057.jpg,4.7398,40.6154,45.7708
val,0_1_part_008.mp4_frame_000082.jpg,4.1054,38.1848,41.0909
val,0_1_part_008.mp4_frame_000090.jpg,3.9103,38.1257,35.7836
val,0_1_part_008.mp4_frame_000109.jpg,4.1622,37.257,38.7446
val,0_1_part_008.mp4_frame_000121.jpg,4.0581,36.3439,31.0867
val,0_1_part_008.mp4_frame_000148.jpg,4.2198,39.612,34.4336
val,0_1_part_008.mp4_frame_000168.jpg,4.5336,37.6359,48.6372
val,0_1_part_008.mp4_frame_000172.jpg,4.3313,37.4968,42.7586
val,0_1_part_008.mp4_frame_000181.jpg,5.1306,41.5505,48.2544
val,0_1_part_008.mp4_frame_000184.jpg,5.3558,43.3044,53.012
val,0_1_part_008.mp4_frame_000186.jpg,5.6979,45.4636,59.1247
val,0_1_part_008.mp4_frame_000201.jpg,4.2739,34.1931,46.685
val,0_1_part_008.mp4_frame_000207.jpg,4.0748,33.673,43.3154
val,0_1_part_008.mp4_frame_000215.jpg,4.5055,33.8185,47.0627
val,0_1_part_008.mp4_frame_000227.jpg,4.3401,37.1213,38.501
val,0_1_part_008.mp4_frame_000230.jpg,4.3907,38.9562,39.1425
val,0_1_part_008.mp4_frame_000239.jpg,3.8609,37.2023,34.1717
val,0_1_part_008.mp4_frame_000251.jpg,4.0585,34.6931,38.9768
val,0_1_part_008.mp4_frame_000255.jpg,3.691,33.3185,36.6368
val,0_1_part_008.mp4_frame_000271.jpg,5.1908,38.3869,55.3025
val,0_1_part_008.mp4_frame_000278.jpg,5.0452,35.9343,50.3001
val,0_1_part_008.mp4_frame_000279.jpg,4.8081,35.6496,47.9241
val,0_1_part_008.mp4_frame_000295.jpg,4.9242,37.2468,50.4294
val,0_1_part_008.mp4_frame_000300.jpg,4.1087,32.882,47.1591
val,0_1_part_008.mp4_frame_000345.jpg,4.1179,37.4514,41.1803
val,0_1_part_008.mp4_frame_000362.jpg,3.9047,31.7722,44.561
val,0_1_part_008.mp4_frame_000366.jpg,3.9169,33.5251,41.7149
val,0_1_part_008.mp4_frame_000367.jpg,3.8386,33.61,41.0396
val,0_1_part_008.mp4_frame_000383.jpg,3.6561,36.8747,36.8162
val,0_1_part_008.mp4_frame_000386.jpg,4.8322,38.0124,45.1784
val,0_1_part_008.mp4_frame_000387.jpg,5.2018,38.1374,51.3084
val,0_1_part_008.mp4_frame_000390.jpg,5.2858,39.1472,55.1452
val,0_1_part_008.mp4_frame_000394.jpg,4.7646,33.6984,46.8963
val,0_1_part_008.mp4_frame_000397.jpg,4.3076,33.3229,43.8441
val,0_1_part_008.mp4_frame_000419.jpg,3.941,32.9514,30.3255
val,0_1_part_008.mp4_frame_000420.jpg,3.6422,32.8869,31.6855
val,0_1_part_008.mp4_frame_000422.jpg,3.5519,33.8024,33.3587
val,0_1_part_008.mp4_frame_000436.jpg,3.6511,34.4665,33.8933
val,0_1_part_008.mp4_frame_000448.jpg,3.6882,36.757,34.72
val,0_1_part_008.mp4_frame_000465.jpg,3.5897,33.3337,37.608
val,0_1_part_008.mp4_frame_000469.jpg,3.7251,33.7726,39.7207
val,0_1_part_008.mp4_frame_000477.jpg,3.6335,35.8259,40.8781
val,0_1_part_008.mp4_frame_000495.jpg,5.2547,43.6911,57.7037
val,0_1_part_008.mp4_frame_000499.jpg,3.9734,33.4074,46.7267
val,0_1_part_008.mp4_frame_000534.jpg,3.9017,36.2023,45.7652
val,0_1_part_008.mp4_frame_000554.jpg,5.6382,41.3273,63.8241
val,0_1_part_008.mp4_frame_000566.jpg,4.1843,36.0715,44.4352
val,0_1_part_009.mp4_frame_000006.jpg,4.3074,37.7814,48.6139
val,0_1_part_009.mp4_frame_000030.jpg,4.7276,38.9724,57.3671
val,0_1_part_009.mp4_frame_000046.jpg,4.6184,39.6506,53.823
val,0_1_part_009.mp4_frame_000047.jpg,4.5308,38.4743,50.5847
val,0_1_part_009.mp4_frame_000050.jpg,4.1867,37.3508,44.5548
val,0_1_part_009.mp4_frame_000055.jpg,3.6957,34.7512,38.444
val,0_1_part_009.mp4_frame_000060.jpg,3.4799,34.444,35.5331
val,0_1_part_009.mp4_frame_000067.jpg,3.4051,33.2458,34.9874
val,0_1_part_009.mp4_frame_000085.jpg,3.2109,30.3625,32.7982
val,0_1_part_009.mp4_frame_000089.jpg,3.2483,29.9601,32.6993
val,0_1_part_009.mp4_frame_000090.jpg,3.2775,29.9968,33.4438
val,0_1_part_009.mp4_frame_000091.jpg,3.2779,29.9933,33.3466
val,0_1_part_009.mp4_frame_000108.jpg,3.0002,29.7966,34.1142
val,0_1_part_009.mp4_frame_000114.jpg,2.8746,29.5065,33.8839
val,0_1_part_009.mp4_frame_000115.jpg,2.8568,29.3171,33.8694
val,0_1_part_009.mp4_frame_000129.jpg,3.2026,34.4562,33.1032
val,0_1_part_009.mp4_frame_000139.jpg,3.291,35.1096,35.1701
val,0_1_part_009.mp4_frame_000142.jpg,3.2954,36.1013,34.4431
val,0_1_part_009.mp4_frame_000145.jpg,3.2974,37.2634,35.3188
val,0_1_part_009.mp4_frame_000184.jpg,3.1631,27.1813,28.4902
val,0_1_part_009.mp4_frame_000187.jpg,3.1929,26.8224,28.3323
val,0_1_part_009.mp4_frame_000193.jpg,3.4339,38.7141,44.5315
val,0_1_part_009.mp4_frame_000194.jpg,3.1148,35.718,32.8895
val,0_1_part_009.mp4_frame_000224.jpg,3.6053,38.947,31.2909
val,0_1_part_009.mp4_frame_000228.jpg,3.428,38.1418,34.441
val,0_1_part_009.mp4_frame_000237.jpg,4.7683,42.3347,55.994
val,0_1_part_009.mp4_frame_000243.jpg,5.274,46.3366,53.8178
val,0_1_part_009.mp4_frame_000256.jpg,4.0127,35.7824,37.4196
val,0_1_part_009.mp4_frame_000266.jpg,3.9858,37.0515,36.004
val,0_1_part_009.mp4_frame_000269.jpg,3.9101,38.1301,34.7849
val,0_1_part_009.mp4_frame_000273.jpg,3.4118,37.0871,28.1023
val,0_1_part_009.mp4_frame_000293.jpg,3.5163,37.7258,23.2854
val,0_1_part_009.mp4_frame_000294.jpg,3.5872,38.4245,23.9809
val,0_1_part_009.mp4_frame_000301.jpg,3.5727,37.8615,23.6857
val,0_1_part_009.mp4_frame_000305.jpg,3.3262,33.2267,23.6566
val,0_1_part_009.mp4_frame_000313.jpg,3.4635,34.7658,22.6164
val,0_1_part_009.mp4_frame_000314.jpg,3.5041,34.2653,22.7804
val,0_1_part_009.mp4_frame_000316.jpg,3.5205,34.7687,22.2154
val,0_1_part_009.mp4_frame_000336.jpg,3.351,34.0954,22.3015
val,0_1_part_009.mp4_frame_000352.jpg,2.7894,27.2863,20.1312
val,0_1_part_009.mp4_frame_000353.jpg,2.8365,27.1701,20.1886
val,0_1_part_009.mp4_frame_000358.jpg,2.8779,26.1379,21.7988
val,0_1_part_009.mp4_frame_000372.jpg,2.7215,25.2824,23.4539
val,0_1_part_009.mp4_frame_000380.jpg,3.1893,27.3,22.4754
val,0_1_part_009.mp4_frame_000381.jpg,3.2226,27.8093,22.9582
val,0_1_part_009.mp4_frame_000418.jpg,3.3125,29.5148,22.2044
val,0_1_part_009.mp4_frame_000450.jpg,3.2174,30.4875,24.0095
val,0_1_part_009.mp4_frame_000451.jpg,3.2881,30.6203,23.3815
val,0_1_part_009.mp4_frame_000455.jpg,3.3303,30.7634,24.4429
val,0_1_part_009.mp4_frame_000475.jpg,3.405,29.78,22.9982
val,0_1_part_009.mp4_frame_000486.jpg,3.2389,28.6389,23.2799
val,0_1_part_009.mp4_frame_000492.jpg,3.5229,33.0207,23.6876
val,0_1_part_009.mp4_frame_000516.jpg,3.3182,34.4094,25.9977
val,0_1_part_009.mp4_frame_000523.jpg,3.1491,32.5944,24.8918
val,0_1_part_009.mp4_frame_000527.jpg,3.3913,34.7331,27.3403
val,0_1_part_009.mp4_frame_000530.jpg,3.2242,33.0134,25.6531
val,0_1_part_009.mp4_frame_000540.jpg,3.427,34.6545,27.4546
val,0_1_part_009.mp4_frame_000543.jpg,2.845,29.9831,23.8797
val,0_1_part_009.mp4_frame_000555.jpg,3.2297,31.3098,23.9394
val,0_1_part_009.mp4_frame_000564.jpg,3.4451,33.8576,27.4313
val,0_1_part_009.mp4_frame_000580.jpg,3.3366,32.3498,25.2832
val,0_1_part_010_resplit_0_1_part_010_part_001.mp4_frame_000007.jpg,3.0049,29.2473,20.1892
val,0_1_part_010_resplit_0_1_part_010_part_001.mp4_frame_000009.jpg,3.2587,30.3669,22.5365
val,0_1_part_010_resplit_0_1_part_010_part_001.mp4_frame_000021.jpg,3.2051,30.3859,21.99
val,0_1_part_010_resplit_0_1_part_010_part_001.mp4_frame_000033.jpg,3.2454,31.9094,22.864
val,0_1_part_010_resplit_0_1_part_010_part_001.mp4_frame_000034.jpg,3.3109,32.0471,23.1872
val,0_1_part_010_resplit_0_1_part_010_part_001.mp4_frame_000047.jpg,3.3274,33.3205,25.3437
val,0_1_part_010_resplit_0_1_part_010_part_001.mp4_frame_000058.jpg,3.1033,30.3752,23.2121
val,0_1_part_010_resplit_0_1_part_010_part_001.mp4_frame_000059.jpg,3.2496,31.4255,24.3136
val,0_1_part_010_resplit_0_1_part_010_part_001.mp4_frame_000070.jpg,3.1134,28.7468,20.6125
val,0_1_part_010_resplit_0_1_part_010_part_001.mp4_frame_000071.jpg,3.0746,29.1042,20.6841
val,0_1_part_010_resplit_0_1_part_010_part_001.mp4_frame_000080.jpg,2.9936,28.444,20.9149
val,0_1_part_010_resplit_0_1_part_010_part_001.mp4_frame_000099.jpg,3.3624,33.216,25.5701
val,0_1_part_010_resplit_0_1_part_010_part_001.mp4_frame_000109.jpg,3.3218,32.9445,24.2372
val,0_1_part_010_resplit_0_1_part_010_part_001.mp4_frame_000124.jpg,3.2851,33.5363,23.8685
val,0_1_part_010_resplit_0_1_part_010_part_001.mp4_frame_000147.jpg,3.1851,32.4279,22.4829
val,0_1_part_010_resplit_0_1_part_010_part_001.mp4_frame_000151.jpg,3.107,33.1359,22.4489
val,0_1_part_010_resplit_0_1_part_010_part_001.mp4_frame_000159.jpg,3.2222,33.551,23.2038
val,0_1_part_010_resplit_0_1_part_010_part_001.mp4_frame_000163.jpg,3.2692,34.5851,23.5096
val,0_1_part_010_resplit_0_1_part_010_part_001.mp4_frame_000167.jpg,3.325,34.8683,26.5006
val,0_1_part_010_resplit_0_1_part_010_part_001.mp4_frame_000168.jpg,3.2701,34.6574,25.2783
val,0_1_part_010_resplit_0_1_part_010_part_001.mp4_frame_000170.jpg,3.2052,33.0646,24.0006
val,0_1_part_010_resplit_0_1_part_010_part_001.mp4_frame_000182.jpg,3.3625,35.6511,26.9218
val,0_1_part_010_resplit_0_1_part_010_part_001.mp4_frame_000188.jpg,3.1329,31.257,22.3719
val,0_1_part_010_resplit_0_1_part_010_part_001.mp4_frame_000190.jpg,3.1358,31.5695,22.8904
val,0_1_part_010_resplit_0_1_part_010_part_001.mp4_frame_000222.jpg,3.5355,35.0715,22.9991
val,0_1_part_010_resplit_0_1_part_010_part_001.mp4_frame_000227.jpg,3.6114,35.9387,25.4654
val,0_1_part_010_resplit_0_1_part_010_part_001.mp4_frame_000228.jpg,3.5649,35.256,23.663
val,0_1_part_010_resplit_0_1_part_010_part_001.mp4_frame_000240.jpg,3.5299,34.1516,23.0416
val,0_1_part_010_resplit_0_1_part_010_part_001.mp4_frame_000242.jpg,3.4267,34.1066,22.0207
val,0_1_part_010_resplit_0_1_part_010_part_001.mp4_frame_000255.jpg,3.5233,33.0197,21.1748
val,0_1_part_010_resplit_0_1_part_010_part_001.mp4_frame_000260.jpg,3.1692,28.5441,22.5379
val,0_1_part_010_resplit_0_1_part_010_part_001.mp4_frame_000287.jpg,3.3765,25.5485,26.3508
val,0_1_part_010_resplit_0_1_part_010_part_002.mp4_frame_000002.jpg,3.0406,22.2414,26.1228
val,0_1_part_010_resplit_0_1_part_010_part_002.mp4_frame_000044.jpg,3.597,30.2087,22.8074
val,0_1_part_010_resplit_0_1_part_010_part_002.mp4_frame_000046.jpg,3.4102,29.0671,22.5302
val,0_1_part_010_resplit_0_1_part_010_part_002.mp4_frame_000059.jpg,3.3353,27.8932,22.7421
val,0_1_part_010_resplit_0_1_part_010_part_002.mp4_frame_000060.jpg,3.3611,28.3303,23.3223
val,0_1_part_010_resplit_0_1_part_010_part_002.mp4_frame_000070.jpg,3.2476,26.6516,24.259
val,0_1_part_010_resplit_0_1_part_010_part_002.mp4_frame_000079.jpg,3.0418,23.84,25.3133
val,0_1_part_010_resplit_0_1_part_010_part_002.mp4_frame_000080.jpg,3.0539,24.3835,25.5744
val,0_1_part_010_resplit_0_1_part_010_part_002.mp4_frame_000112.jpg,3.4037,29.6857,25.117
val,0_1_part_010_resplit_0_1_part_010_part_002.mp4_frame_000117.jpg,3.2539,27.735,22.2532
val,0_1_part_010_resplit_0_1_part_010_part_002.mp4_frame_000121.jpg,3.3812,28.6164,22.779
val,0_1_part_010_resplit_0_1_part_010_part_002.mp4_frame_000146.jpg,3.4981,29.799,22.1817
val,0_1_part_010_resplit_0_1_part_010_part_002.mp4_frame_000153.jpg,3.3576,27.5832,21.2448
val,0_1_part_010_resplit_0_1_part_010_part_002.mp4_frame_000159.jpg,3.5151,28.6301,23.1831
val,0_1_part_010_resplit_0_1_part_010_part_002.mp4_frame_000164.jpg,3.5595,30.8234,21.7262
val,0_1_part_010_resplit_0_1_part_010_part_002.mp4_frame_000181.jpg,3.1687,26.3849,24.1398
val,0_1_part_010_resplit_0_1_part_010_part_002.mp4_frame_000182.jpg,3.1514,26.7209,25.3202
val,0_1_part_010_resplit_0_1_part_010_part_002.mp4_frame_000185.jpg,3.1552,26.9938,24.8583
val,0_1_part_010_resplit_0_1_part_010_part_002.mp4_frame_000199.jpg,3.1171,27.8151,23.0112
val,0_1_part_010_resplit_0_1_part_010_part_002.mp4_frame_000203.jpg,3.062,28.028,23.5408
val,0_1_part_010_resplit_0_1_part_010_part_002.mp4_frame_000208.jpg,2.9976,24.9377,21.996
val,0_1_part_010_resplit_0_1_part_010_part_002.mp4_frame_000231.jpg,3.2932,30.3264,25.4703
val,0_1_part_010_resplit_0_1_part_010_part_002.mp4_frame_000237.jpg,2.9969,26.3342,26.3275
val,0_1_part_010_resplit_0_1_part_010_part_002.mp4_frame_000238.jpg,3.0315,26.1769,27.1452
val,0_1_part_010_resplit_0_1_part_010_part_002.mp4_frame_000249.jpg,3.3453,30.2726,26.4155
val,0_1_part_010_resplit_0_1_part_010_part_002.mp4_frame_000253.jpg,3.3831,31.1057,25.7534
val,0_1_part_010_resplit_0_1_part_010_part_002.mp4_frame_000254.jpg,3.4369,31.4973,26.1866
val,0_1_part_010_resplit_0_1_part_010_part_002.mp4_frame_000268.jpg,3.1586,28.1652,26.0507
val,0_1_part_010_resplit_0_1_part_010_part_002.mp4_frame_000272.jpg,3.2915,29.048,24.9034
val,0_1_part_010_resplit_0_1_part_010_part_002.mp4_frame_000287.jpg,3.5179,30.2814,26.112
val,0_1_part_011.mp4_frame_000001.jpg,3.5967,30.5856,26.486
val,0_1_part_011.mp4_frame_000011.jpg,3.3282,29.4357,24.9726
val,0_1_part_011.mp4_frame_000014.jpg,3.368,31.1135,24.8718
val,0_1_part_011.mp4_frame_000017.jpg,3.5105,31.9562,25.7419
val,0_1_part_011.mp4_frame_000022.jpg,3.36,30.9328,30.1934
val,0_1_part_011.mp4_frame_000024.jpg,3.3312,30.4933,27.4003
val,0_1_part_011.mp4_frame_000038.jpg,3.4682,32.3825,30.1931
val,0_1_part_011.mp4_frame_000040.jpg,3.5025,31.7975,28.1745
val,0_1_part_011.mp4_frame_000047.jpg,3.368,32.0187,29.3065
val,0_1_part_011.mp4_frame_000070.jpg,4.2563,31.3752,38.0699
val,0_1_part_011.mp4_frame_000081.jpg,4.4786,35.2526,41.7072
val,0_1_part_011.mp4_frame_000095.jpg,4.3949,34.5583,43.9382
val,0_1_part_011.mp4_frame_000108.jpg,3.6832,37.8928,26.5743
val,0_1_part_011.mp4_frame_000111.jpg,3.5741,38.2844,31.1992
val,0_1_part_011.mp4_frame_000122.jpg,3.997,39.0222,29.2698
val,0_1_part_011.mp4_frame_000146.jpg,3.6233,35.133,21.7051
val,0_1_part_011.mp4_frame_000166.jpg,3.9631,38.9826,25.3668
val,0_1_part_011.mp4_frame_000178.jpg,4.0711,39.5891,27.6625
val,0_1_part_011.mp4_frame_000196.jpg,3.42,27.5012,26.514
val,0_1_part_011.mp4_frame_000202.jpg,3.6707,28.7966,29.8779
val,0_1_part_011.mp4_frame_000204.jpg,3.8768,30.653,29.8899
val,0_1_part_011.mp4_frame_000212.jpg,4.0254,31.3513,33.5743
val,0_1_part_011.mp4_frame_000218.jpg,4.0424,31.3015,34.8597
val,0_1_part_012.mp4_frame_000197.jpg,4.6981,43.8176,32.0438
val,0_1_part_012.mp4_frame_000201.jpg,4.5656,43.008,30.1233
val,0_1_part_012.mp4_frame_000213.jpg,4.4602,42.4142,30.0778
val,0_1_part_012.mp4_frame_000224.jpg,4.2661,41.9484,29.1425
val,0_1_part_012.mp4_frame_000226.jpg,4.309,41.6105,28.4191
val,0_1_part_012.mp4_frame_000240.jpg,4.3315,42.5334,26.1354
val,0_1_part_012.mp4_frame_000249.jpg,3.9989,41.4572,27.8259
val,0_1_part_012.mp4_frame_000265.jpg,3.9715,41.7067,27.9412
val,0_1_part_012.mp4_frame_000269.jpg,4.0165,41.9767,27.6229
val,0_1_part_012.mp4_frame_000285.jpg,4.3772,42.6266,30.1611
val,0_1_part_012.mp4_frame_000289.jpg,4.2292,41.0998,24.9861
val,0_1_part_012.mp4_frame_000314.jpg,4.3478,41.5934,26.8121
val,0_1_part_012.mp4_frame_000382.jpg,3.435,36.3766,32.7162
val,0_1_part_012.mp4_frame_000383.jpg,3.5425,36.9738,32.4416
val,0_1_part_012.mp4_frame_000386.jpg,3.4374,36.9177,32.5699
val,0_1_part_012.mp4_frame_000398.jpg,3.6686,39.4518,34.7184
val,0_1_part_012.mp4_frame_000419_negative.jpg,4.3802,39.6086,27.3758
val,0_1_part_012.mp4_frame_000433_negative.jpg,4.6822,43.6237,26.7749
val,0_1_part_012.mp4_frame_000437_negative.jpg,4.6991,43.381,28.4445
val,0_1_part_012.mp4_frame_000451.jpg,4.9288,43.3605,36.4874
val,0_1_part_012.mp4_frame_000469.jpg,4.5971,43.1296,31.4305
val,0_1_part_012.mp4_frame_000490.jpg,4.4601,40.5143,31.3437
val,0_1_part_012.mp4_frame_000517.jpg,4.2298,38.2258,31.3869
val,0_1_part_012.mp4_frame_000563.jpg,4.8103,38.7272,27.9804
val,0_1_part_001.mp4_frame_000012.jpg,3.9019,39.5598,31.9795
val,0_1_part_001.mp4_frame_000023.jpg,4.929,40.78,53.7544
val,0_1_part_001.mp4_frame_000043.jpg,5.1023,42.3981,57.1521
val,0_1_part_001.mp4_frame_000050.jpg,4.9055,41.5939,52.9629
val,0_1_part_001.mp4_frame_000062.jpg,4.6544,40.2565,45.4113
val,0_1_part_001.mp4_frame_000063.jpg,4.7195,40.3542,46.5071
val,0_1_part_001.mp4_frame_000114.jpg,6.392,52.3181,62.2638
val,0_1_part_001.mp4_frame_000121.jpg,6.2613,51.6667,63.2157
val,0_1_part_001.mp4_frame_000129.jpg,6.2792,52.7414,64.2304
val,0_1_part_001.mp4_frame_000133.jpg,6.4024,53.3317,66.6889
val,0_1_part_001.mp4_frame_000134.jpg,6.3108,53.028,65.966
val,0_1_part_001.mp4_frame_000149.jpg,6.3679,52.5202,66.3078
val,0_1_part_001.mp4_frame_000153.jpg,6.314,52.1657,67.1594
val,0_1_part_001.mp4_frame_000155.jpg,6.4048,52.5539,67.4452
val,0_1_part_001.mp4_frame_000170.jpg,5.555,47.1354,60.365
val,0_1_part_001.mp4_frame_000174.jpg,5.2235,45.5905,56.912
val,0_1_part_001.mp4_frame_000205.jpg,5.1734,44.8347,61.8886
val,0_1_part_001.mp4_frame_000215.jpg,4.6146,41.6569,50.9071
val,0_1_part_001.mp4_frame_000218.jpg,4.3011,40.0202,44.0379
val,0_1_part_001.mp4_frame_000230.jpg,4.2888,43.5554,46.3069
val,0_1_part_001.mp4_frame_000251.jpg,4.3347,43.9987,40.8047
val,0_1_part_001.mp4_frame_000255.jpg,4.247,43.8889,35.6365
val,0_1_part_001.mp4_frame_000268.jpg,3.8896,32.6384,36.1981
val,0_1_part_001.mp4_frame_000273.jpg,3.8547,30.3679,35.6595
val,0_1_part_001.mp4_frame_000299.jpg,3.7809,32.8234,38.21
val,0_1_part_001.mp4_frame_000302.jpg,3.8897,34.8898,42.9644
val,0_1_part_001.mp4_frame_000304.jpg,3.8437,35.8058,44.3838
val,0_1_part_001.mp4_frame_000308.jpg,4.0276,37.1608,46.4042
val,0_1_part_001.mp4_frame_000309.jpg,4.0261,37.6569,46.8642
val,0_1_part_001.mp4_frame_000320.jpg,4.4039,39.4724,46.6836
val,0_1_part_001.mp4_frame_000322.jpg,4.4718,39.591,47.6085
val,0_1_part_001.mp4_frame_000343.jpg,4.3995,38.7892,52.6171
val,0_1_part_001.mp4_frame_000346.jpg,4.3789,39.7761,50.6184
val,0_1_part_001.mp4_frame_000356.jpg,3.8694,34.2307,44.2053
val,0_1_part_001.mp4_frame_000358.jpg,3.7975,33.6906,43.9112
val,0_1_part_001.mp4_frame_000371.jpg,3.8609,32.506,46.2359
val,0_1_part_001.mp4_frame_000391.jpg,3.7507,32.2761,42.8395
val,0_1_part_001.mp4_frame_000407.jpg,4.0205,34.1501,43.3536
val,0_1_part_001.mp4_frame_000421.jpg,3.775,32.6721,39.8091
val,0_1_part_001.mp4_frame_000427.jpg,3.8696,33.383,40.6327
val,0_1_part_001.mp4_frame_000428.jpg,3.7596,33.7433,41.1475
val,0_1_part_001.mp4_frame_000429.jpg,3.7503,33.7331,42.0283
val,0_1_part_001.mp4_frame_000430.jpg,3.7828,33.9684,41.652
val,0_1_part_001.mp4_frame_000436.jpg,3.8895,34.3039,40.1206
val,0_1_part_001.mp4_frame_000448.jpg,3.8543,28.1105,40.9681
val,0_1_part_001.mp4_frame_000460.jpg,3.8618,25.6979,41.2243
val,0_1_part_001.mp4_frame_000466.jpg,3.8314,25.3449,40.5235
val,0_1_part_001.mp4_frame_000491.jpg,4.2328,26.2619,41.2504
val,0_1_part_001.mp4_frame_000498.jpg,4.0751,25.1574,37.9538
val,0_1_part_001.mp4_frame_000506.jpg,4.3815,26.3806,38.7182
val,0_1_part_001.mp4_frame_000514.jpg,4.4543,29.405,42.7424
val,0_1_part_001.mp4_frame_000516.jpg,4.7831,36.2057,43.734
val,0_1_part_001.mp4_frame_000517.jpg,4.7989,38.4675,43.885
val,0_1_part_001.mp4_frame_000538.jpg,4.6131,38.8366,48.7964
val,0_1_part_001.mp4_frame_000539.jpg,4.6717,39.4533,51.1086
val,0_1_part_001.mp4_frame_000549.jpg,4.3846,34.3034,47.7589
val,0_1_part_001.mp4_frame_000553.jpg,4.414,32.7453,49.9358
val,0_1_part_001.mp4_frame_000554.jpg,4.4607,32.3679,47.3953
val,0_1_part_001.mp4_frame_000559.jpg,4.508,33.111,48.3058
val,0_1_part_001.mp4_frame_000570.jpg,4.4263,34.5202,52.7528
val,0_1_part_002.mp4_frame_000006.jpg,4.1291,44.1789,42.6816
val,0_1_part_002.mp4_frame_000018.jpg,4.3191,43.466,39.9257
val,0_1_part_002.mp4_frame_000023.jpg,4.3956,44.4289,32.178
val,0_1_part_002.mp4_frame_000041.jpg,6.9237,60.381,67.1833
val,0_1_part_002.mp4_frame_000044.jpg,7.6557,64.5974,68.7302
val,0_1_part_002.mp4_frame_000048.jpg,7.4652,62.2878,70.3848
val,0_1_part_002.mp4_frame_000053.jpg,7.3909,61.5422,73.846
val,0_1_part_002.mp4_frame_000060.jpg,7.5107,61.3371,65.4431
val,0_1_part_002.mp4_frame_000065.jpg,7.2379,59.2795,65.2488
val,0_1_part_002.mp4_frame_000077.jpg,7.6342,61.7111,70.9103
val,0_1_part_002.mp4_frame_000083.jpg,8.2513,62.9982,63.0647
val,0_1_part_002.mp4_frame_000084_negative.jpg,8.7421,64.8889,70.1527
val,0_1_part_002.mp4_frame_000106_negative.jpg,8.0068,60.4421,72.6203
val,0_1_part_002.mp4_frame_000111_negative.jpg,7.527,59.1799,69.8618
val,0_1_part_002.mp4_frame_000115_negative.jpg,7.357,57.9328,61.3317
val,0_1_part_002.mp4_frame_000154.jpg,6.7814,58.2497,66.154
val,0_1_part_002.mp4_frame_000155.jpg,7.0537,59.6808,69.3966
val,0_1_part_002.mp4_frame_000166.jpg,6.7223,59.0729,65.3349
val,0_1_part_002.mp4_frame_000167.jpg,6.8965,60.3283,68.5863
val,0_1_part_002.mp4_frame_000190.jpg,6.8518,59.1691,67.0678
val,0_1_part_002.mp4_frame_000194.jpg,7.0047,60.4064,69.9932
val,0_1_part_002.mp4_frame_000207.jpg,8.0632,57.4313,66.602
val,0_1_part_002.mp4_frame_000211.jpg,8.0767,55.6242,51.859
val,0_1_part_002.mp4_frame_000212.jpg,8.0935,55.5593,58.0697
val,0_1_part_002.mp4_frame_000227_negative.jpg,8.0963,59.3806,67.4085
val,0_1_part_002.mp4_frame_000229_negative.jpg,8.0772,59.3625,63.7419
val,0_1_part_002.mp4_frame_000244_negative.jpg,7.0969,53.779,62.9584
val,0_1_part_002.mp4_frame_000263.jpg,4.8504,36.613,50.3623
val,0_1_part_002.mp4_frame_000265.jpg,4.7108,35.9133,46.4258
val,0_1_part_002.mp4_frame_000283.jpg,4.5678,34.6154,43.3269
val,0_1_part_002.mp4_frame_000300.jpg,4.5882,34.3459,44.2987
val,0_1_part_002.mp4_frame_000302.jpg,4.598,33.8078,44.3655
val,0_1_part_002.mp4_frame_000303.jpg,4.5388,33.9494,45.1897
val,0_1_part_002.mp4_frame_000309.jpg,4.6519,33.9304,45.7462
val,0_1_part_002.mp4_frame_000316.jpg,4.5488,33.9846,44.8647
val,0_1_part_002.mp4_frame_000324.jpg,4.6722,35.1271,48.4853
val,0_1_part_002.mp4_frame_000326.jpg,4.5977,34.6481,45.2174
val,0_1_part_002.mp4_frame_000347.jpg,4.7478,35.1579,46.0524
val,0_1_part_002.mp4_frame_000348.jpg,4.7318,35.2639,47.5097
val,0_1_part_002.mp4_frame_000357.jpg,4.6421,34.3522,44.2566
val,0_1_part_002.mp4_frame_000359.jpg,4.7028,34.382,43.7148
val,0_1_part_002.mp4_frame_000367.jpg,4.5712,34.4025,43.0585
val,0_1_part_002.mp4_frame_000371.jpg,4.5423,34.5324,44.3535
val,0_1_part_002.mp4_frame_000414.jpg,4.5663,34.8976,43.4659
val,0_1_part_002.mp4_frame_000416.jpg,4.5814,35.1931,44.7269
val,0_1_part_002.mp4_frame_000417.jpg,4.6545,35.1691,43.7035
val,0_1_part_002.mp4_frame_000428.jpg,4.6433,35.593,45.9723
val,0_1_part_002.mp4_frame_000435.jpg,4.6059,35.7595,45.1039
val,0_1_part_002.mp4_frame_000437.jpg,4.5521,34.9606,44.7211
val,0_1_part_002.mp4_frame_000447.jpg,4.5861,35.8068,45.5142
val,0_1_part_002.mp4_frame_000449.jpg,4.5582,35.7385,44.8232
val,0_1_part_002.mp4_frame_000454.jpg,4.6159,36.0837,45.8426
val,0_1_part_002.mp4_frame_000462.jpg,4.4728,33.8605,42.7864
val,0_1_part_002.mp4_frame_000472.jpg,4.4377,34.6442,43.5235
val,0_1_part_002.mp4_frame_000474.jpg,4.4509,34.1613,43.7666
val,0_1_part_002.mp4_frame_000480.jpg,4.5254,34.4704,44.7419
val,0_1_part_002.mp4_frame_000481.jpg,4.5589,34.8166,44.8926
val,0_1_part_002.mp4_frame_000492.jpg,4.5816,35.1994,45.8935
val,0_1_part_002.mp4_frame_000495.jpg,4.6078,35.0612,47.1261
val,0_1_part_002.mp4_frame_000498.jpg,4.5624,34.7082,45.287
val,0_1_part_002.mp4_frame_000520.jpg,4.6114,34.7097,50.2612
val,0_1_part_002.mp4_frame_000536.jpg,4.9706,42.9738,53.3894
val,0_1_part_002.mp4_frame_000540.jpg,5.0538,45.9186,54.2115
val,0_1_part_002.mp4_frame_000542.jpg,5.0581,44.59,53.6052
val,0_1_part_002.mp4_frame_000543.jpg,5.0633,43.8337,54.152
val,0_1_part_002.mp4_frame_000552.jpg,5.2188,46.3195,55.6692
val,0_1_part_002.mp4_frame_000561.jpg,5.0962,41.8303,52.5148
val,0_1_part_002.mp4_frame_000569.jpg,5.211,44.1164,53.4244
val,0_1_part_002.mp4_frame_000574.jpg,5.2812,43.8664,54.8225
val,0_1_part_002.mp4_frame_000578.jpg,5.4637,45.7785,55.4261
val,0_1_part_003.mp4_frame_000005.jpg,5.1882,46.4167,51.8649
val,0_1_part_003.mp4_frame_000008.jpg,5.1041,44.7468,49.6859
val,0_1_part_003.mp4_frame_000017.jpg,4.9472,40.9455,49.9394
val,0_1_part_003.mp4_frame_000028.jpg,4.8576,40.5798,50.3497
val,0_1_part_003.mp4_frame_000031.jpg,4.8947,39.988,51.6625
val,0_1_part_003.mp4_frame_000041.jpg,4.7098,37.5925,49.163
val,0_1_part_003.mp4_frame_000047.jpg,4.7705,37.9338,52.9002
val,0_1_part_003.mp4_frame_000056.jpg,4.603,34.6652,42.6813
val,0_1_part_003.mp4_frame_000063.jpg,4.6465,34.9064,46.4527
val,0_1_part_003.mp4_frame_000068.jpg,4.6592,35.3859,47.8638
val,0_1_part_003.mp4_frame_000082.jpg,5.2662,43.0075,54.6103
val,0_1_part_003.mp4_frame_000095.jpg,5.0034,41.1569,52.8561
val,0_1_part_003.mp4_frame_000097.jpg,5.1131,40.7839,52.7615
val,0_1_part_003.mp4_frame_000099.jpg,4.983,40.1652,52.434
val,0_1_part_003.mp4_frame_000101.jpg,4.9956,40.5847,52.9323
val,0_1_part_003.mp4_frame_000106.jpg,4.8376,38.9772,50.935
val,0_1_part_003.mp4_frame_000132.jpg,4.867,36.7048,47.7068
val,0_1_part_003.mp4_frame_000145.jpg,4.9808,37.884,47.6726
val,0_1_part_003.mp4_frame_000159.jpg,4.7469,36.8464,49.0022
val,0_1_part_003.mp4_frame_000161.jpg,4.7313,37.0934,48.9656
val,0_1_part_003.mp4_frame_000179.jpg,4.6912,35.987,46.9155
val,0_1_part_003.mp4_frame_000188.jpg,4.8021,37.5217,48.5014
val,0_1_part_003.mp4_frame_000209.jpg,4.7899,37.0378,50.0097
val,0_1_part_003.mp4_frame_000239.jpg,4.713,37.4797,46.382
val,0_1_part_003.mp4_frame_000245.jpg,4.6961,37.6633,49.4849
val,0_1_part_003.mp4_frame_000253.jpg,4.8088,37.4416,48.7064
val,0_1_part_003.mp4_frame_000259.jpg,4.6361,35.0998,46.8214
val,0_1_part_003.mp4_frame_000261.jpg,4.6196,34.9631,46.7412
val,0_1_part_003.mp4_frame_000270.jpg,4.7195,35.1476,45.5851
val,0_1_part_003.mp4_frame_000271.jpg,4.6687,34.6193,44.3815
val,0_1_part_003.mp4_frame_000283.jpg,4.5959,33.9684,44.6607
val,0_1_part_003.mp4_frame_000308.jpg,4.6556,32.9836,42.8583
val,0_1_part_003.mp4_frame_000309.jpg,4.6892,32.7126,44.0474
val,0_1_part_003.mp4_frame_000313.jpg,4.5908,31.9118,42.9014
val,0_1_part_003.mp4_frame_000325.jpg,4.6996,32.9172,43.7572
val,0_1_part_003.mp4_frame_000366.jpg,4.5925,32.5134,41.7275
val,0_1_part_003.mp4_frame_000374.jpg,4.5707,32.4201,40.6625
val,0_1_part_003.mp4_frame_000386.jpg,4.5547,32.6935,41.3813
val,0_1_part_003.mp4_frame_000404.jpg,4.6209,33.7307,42.6309
val,0_1_part_003.mp4_frame_000420.jpg,4.7341,32.362,42.5413
val,0_1_part_003.mp4_frame_000421.jpg,4.666,31.8176,44.4749
val,0_1_part_003.mp4_frame_000448.jpg,4.6632,31.2184,43.6292
val,0_1_part_003.mp4_frame_000467.jpg,4.5069,31.363,43.6428
val,0_1_part_003.mp4_frame_000476.jpg,4.6268,28.05,39.5561
val,0_1_part_003.mp4_frame_000483.jpg,5.0255,32.8864,46.644
val,0_1_part_003.mp4_frame_000506.jpg,6.5133,53.1901,62.1129
val,0_1_part_003.mp4_frame_000513.jpg,6.5174,53.2849,60.7239
val,0_1_part_003.mp4_frame_000529.jpg,6.9531,52.0588,63.6642
val,0_1_part_003.mp4_frame_000562.jpg,4.8131,32.696,48.6548
val,0_1_part_003.mp4_frame_000574.jpg,4.4588,34.4318,43.6428
val,0_1_part_004.mp4_frame_000002.jpg,4.0803,31.3859,39.0102
val,0_1_part_004.mp4_frame_000009.jpg,4.2692,33.2282,40.9669
val,0_1_part_004.mp4_frame_000010.jpg,4.3563,33.048,41.2771
val,0_1_part_004.mp4_frame_000013.jpg,4.3508,30.3947,37.3214
val,0_1_part_004.mp4_frame_000014.jpg,4.4406,31.2248,39.9937
val,0_1_part_004.mp4_frame_000017.jpg,4.5786,33.9543,43.2468
val,0_1_part_004.mp4_frame_000027.jpg,5.637,46.4045,54.8701
val,0_1_part_004.mp4_frame_000061.jpg,7.0885,61.1096,73.4039
val,0_1_part_004.mp4_frame_000062.jpg,7.1416,60.3893,70.6176
val,0_1_part_004.mp4_frame_000066.jpg,6.9332,58.8781,64.3744
val,0_1_part_004.mp4_frame_000085.jpg,6.9898,60.4489,67.1792
val,0_1_part_004.mp4_frame_000087.jpg,6.8624,59.4714,67.6127
val,0_1_part_004.mp4_frame_000100.jpg,6.7131,57.7971,67.4086
val,0_1_part_004.mp4_frame_000103.jpg,6.781,57.1828,62.0327
val,0_1_part_004.mp4_frame_000119.jpg,7.0084,58.9528,69.7825
val,0_1_part_004.mp4_frame_000156.jpg,7.0919,59.6047,67.7707
val,0_1_part_004.mp4_frame_000163.jpg,6.798,57.757,63.1952
val,0_1_part_004.mp4_frame_000164.jpg,6.7878,57.926,65.6932
val,0_1_part_004.mp4_frame_000179.jpg,7.1296,58.9225,73.3347
val,0_1_part_004.mp4_frame_000182.jpg,7.0116,58.4836,66.196
val,0_1_part_004.mp4_frame_000183.jpg,6.9566,58.027,68.5307
val,0_1_part_004.mp4_frame_000193.jpg,6.9131,59.2321,66.4509
val,0_1_part_004.mp4_frame_000194.jpg,6.8479,58.3425,64.8877
val,0_1_part_004.mp4_frame_000201.jpg,6.7025,56.9499,67.9283
val,0_1_part_004.mp4_frame_000218.jpg,6.4884,52.3635,66.1613
val,0_1_part_004.mp4_frame_000223.jpg,5.9722,48.6223,61.2509
val,0_1_part_004.mp4_frame_000229.jpg,6.0465,48.8835,63.0263
val,0_1_part_004.mp4_frame_000243.jpg,5.9016,46.8132,59.8277
val,0_1_part_004.mp4_frame_000277.jpg,5.8662,47.6711,62.6124
val,0_1_part_004.mp4_frame_000301.jpg,5.3718,41.1921,58.3258
val,0_1_part_004.mp4_frame_000312.jpg,4.8004,35.862,42.5974
val,0_1_part_004.mp4_frame_000323.jpg,4.0725,34.7531,38.0034
val,0_1_part_004.mp4_frame_000325.jpg,3.9116,33.8498,33.4862
val,0_1_part_004.mp4_frame_000336.jpg,3.6732,34.1125,30.8996
val,0_1_part_004.mp4_frame_000341.jpg,3.9888,39.1159,25.5025
val,0_1_part_004.mp4_frame_000344.jpg,4.0469,38.5974,24.329
val,0_1_part_004.mp4_frame_000353.jpg,4.2098,31.4977,40.0138
val,0_1_part_004.mp4_frame_000395.jpg,4.1153,33.0378,36.349
val,0_1_part_004.mp4_frame_000421.jpg,4.0052,32.1447,35.7516
val,0_1_part_004.mp4_frame_000438.jpg,3.9292,31.9753,34.1406
val,0_1_part_004.mp4_frame_000477.jpg,3.9952,32.3386,34.3676
val,0_1_part_004.mp4_frame_000480.jpg,3.9591,32.5236,34.5187
val,0_1_part_004.mp4_frame_000482.jpg,3.8849,32.2062,33.0735
val,0_1_part_004.mp4_frame_000485.jpg,3.9583,32.4758,33.8669
val,0_1_part_004.mp4_frame_000486.jpg,3.9494,32.2492,33.9858
val,0_1_part_004.mp4_frame_000498.jpg,3.9182,33.0666,34.4043
val,0_1_part_004.mp4_frame_000500.jpg,3.956,33.1862,34.4128
val,0_1_part_004.mp4_frame_000508.jpg,3.9673,33.0016,35.5228
val,0_1_part_004.mp4_frame_000539.jpg,4.0033,33.5466,34.317
val,0_1_part_004.mp4_frame_000568.jpg,3.8773,33.1154,33.7585
val,0_1_part_004.mp4_frame_000575.jpg,4.0309,34.32,37.1119
val,0_1_part_004.mp4_frame_000583.jpg,4.015,33.7165,36.5352
val,0_1_part_005.mp4_frame_000007.jpg,3.9178,32.1315,33.3807
val,0_1_part_005.mp4_frame_000015.jpg,4.0679,26.6052,42.3128
val,0_1_part_005.mp4_frame_000035.jpg,4.5316,36.1774,47.3843
val,0_1_part_005.mp4_frame_000050.jpg,4.5102,36.2526,47.0064
val,0_1_part_005.mp4_frame_000079.jpg,4.5112,37.278,45.0352
val,0_1_part_005.mp4_frame_000081.jpg,4.4798,37.4211,44.559
val,0_1_part_005.mp4_frame_000131.jpg,4.3989,39.049,46.7138
val,0_1_part_005.mp4_frame_000133.jpg,4.3138,39.0827,45.331
val,0_1_part_005.mp4_frame_000139.jpg,4.3711,36.6657,43.7434
val,0_1_part_005.mp4_frame_000144.jpg,4.4454,39.7189,45.2967
val,0_1_part_005.mp4_frame_000157.jpg,4.3116,38.382,46.2614
val,0_1_part_005.mp4_frame_000190.jpg,4.4284,38.8972,44.4969
val,0_1_part_005.mp4_frame_000194.jpg,4.4044,40.2477,46.9187
val,0_1_part_005.mp4_frame_000195.jpg,4.4421,40.4211,48.0898
val,0_1_part_005.mp4_frame_000199.jpg,4.3925,41.9772,44.9686
val,0_1_part_005.mp4_frame_000200.jpg,4.3411,42.8391,46.8008
val,0_1_part_005.mp4_frame_000204.jpg,4.4561,48.1135,46.8431
val,0_1_part_005.mp4_frame_000205.jpg,4.5057,47.6672,47.9088
val,0_1_part_005.mp4_frame_000216.jpg,4.6847,47.4509,47.5947
val,0_1_part_005.mp4_frame_000223.jpg,4.7366,46.3005,48.2385
val,0_1_part_005.mp4_frame_000224.jpg,4.699,46.4933,47.6943
val,0_1_part_005.mp4_frame_000228.jpg,4.7193,48.9011,48.6006
val,0_1_part_005.mp4_frame_000249.jpg,4.4909,40.674,44.6362
val,0_1_part_005.mp4_frame_000253.jpg,4.5342,40.8586,47.7599
val,0_1_part_005.mp4_frame_000274.jpg,4.3701,34.8205,45.4909
val,0_1_part_005.mp4_frame_000297.jpg,4.5527,33.3322,47.4156
val,0_1_part_005.mp4_frame_000302.jpg,4.1787,27.5109,39.2071
val,0_1_part_005.mp4_frame_000311.jpg,4.2233,27.2194,40.5748
val,0_1_part_005.mp4_frame_000316.jpg,4.2555,27.6633,39.2155
val,0_1_part_005.mp4_frame_000324.jpg,4.3434,29.3708,42.6329
val,0_1_part_005.mp4_frame_000327.jpg,4.1916,28.8542,40.101
val,0_1_part_005.mp4_frame_000340.jpg,4.3172,30.0266,40.9709
val,0_1_part_005.mp4_frame_000351.jpg,4.289,30.6389,40.9987
val,0_1_part_005.mp4_frame_000354.jpg,4.2384,30.6955,40.4874
val,0_1_part_005.mp4_frame_000364.jpg,3.8777,25.8381,33.4454
val,0_1_part_005.mp4_frame_000392.jpg,3.347,34.6022,31.5917
val,0_1_part_005.mp4_frame_000405.jpg,4.8139,50.6506,50.7423
val,0_1_part_005.mp4_frame_000410.jpg,4.564,39.5871,45.1796
val,0_1_part_005.mp4_frame_000422.jpg,4.5203,37.946,42.0648
val,0_1_part_006.mp4_frame_000013.jpg,4.0672,41.7844,43.9268
val,0_1_part_006.mp4_frame_000016.jpg,3.9376,38.3303,38.8101
val,0_1_part_006.mp4_frame_000018.jpg,4.9864,43.2038,54.1433
val,0_1_part_006.mp4_frame_000023.jpg,4.2394,44.8879,47.3007
val,0_1_part_006.mp4_frame_000025.jpg,4.143,44.0241,47.1288
val,0_1_part_006.mp4_frame_000034.jpg,5.2104,42.3713,58.0274
val,0_1_part_006.mp4_frame_000041.jpg,3.9388,35.8708,36.33
val,0_1_part_006.mp4_frame_000055.jpg,3.4972,35.3381,28.5457
val,0_1_part_006.mp4_frame_000066.jpg,3.5951,33.1017,30.2611
val,0_1_part_006.mp4_frame_000104.jpg,3.2309,33.6149,24.1557
val,0_1_part_006.mp4_frame_000105.jpg,2.9015,30.2726,25.5906
val,0_1_part_006.mp4_frame_000107.jpg,2.9925,30.6052,24.7082
val,0_1_part_006.mp4_frame_000110.jpg,3.1602,32.8107,25.0059
val,0_1_part_006.mp4_frame_000117.jpg,3.2128,33.383,24.8242
val,0_1_part_006.mp4_frame_000122.jpg,3.5395,36.0646,25.5231
val,0_1_part_006.mp4_frame_000125.jpg,3.0509,31.4172,22.3239
val,0_1_part_006.mp4_frame_000132.jpg,3.6131,37.2224,27.1267
val,0_1_part_006.mp4_frame_000138.jpg,3.6447,38.0939,21.4047
val,0_1_part_006.mp4_frame_000143.jpg,4.0904,38.5041,25.3877
val,0_1_part_006.mp4_frame_000166.jpg,3.4629,20.2629,28.9042
val,0_1_part_006.mp4_frame_000167.jpg,3.6464,21.7302,28.1989
val,0_1_part_006.mp4_frame_000176.jpg,3.9576,29.3537,30.6237
val,0_1_part_006.mp4_frame_000180_negative.jpg,4.08,31.0793,31.564
val,0_1_part_006.mp4_frame_000196_negative.jpg,4.0118,28.8278,33.5008
val,0_1_part_006.mp4_frame_000206_negative.jpg,4.2612,31.9338,40.9945
val,0_1_part_006.mp4_frame_000212_negative.jpg,4.7634,37.924,47.3548
val,0_1_part_006.mp4_frame_000213_negative.jpg,4.7486,39.5456,47.014
val,0_1_part_006.mp4_frame_000223_negative.jpg,5.822,52.5817,53.2526
val,0_1_part_006.mp4_frame_000226_negative.jpg,6.191,55.7141,54.6899
val,0_1_part_006.mp4_frame_000238_negative.jpg,6.9962,62.4318,58.9258
val,0_1_part_006.mp4_frame_000239_negative.jpg,7.1886,62.8986,60.6513
val,0_1_part_006.mp4_frame_000251_negative.jpg,7.988,67.6193,64.516
val,0_1_part_006.mp4_frame_000253_negative.jpg,8.1798,69.3141,59.0856
val,0_1_part_006.mp4_frame_000255_negative.jpg,8.0463,67.5495,64.5679
val,0_1_part_006.mp4_frame_000256_negative.jpg,8.0179,67.1808,62.4361
val,0_1_part_006.mp4_frame_000261_negative.jpg,7.8165,68.6755,55.9596
val,0_1_part_006.mp4_frame_000262_negative.jpg,7.7202,67.7614,63.9407
val,0_1_part_006.mp4_frame_000273.jpg,3.9835,38.0202,18.1651
val,0_1_part_006.mp4_frame_000281.jpg,4.0834,42.2346,20.7658
val,0_1_part_006.mp4_frame_000282.jpg,4.1236,42.924,20.3294
val,0_1_part_006.mp4_frame_000285.jpg,4.1142,43.3698,21.1973
val,0_1_part_006.mp4_frame_000294.jpg,4.1774,44.4099,24.0227
val,0_1_part_006.mp4_frame_000296.jpg,4.1961,45.8132,24.6706
val,0_1_part_006.mp4_frame_000300.jpg,4.2453,46.4118,26.1238
val,0_1_part_006.mp4_frame_000308.jpg,4.3948,47.3351,26.0714
val,0_1_part_006.mp4_frame_000313.jpg,4.5252,47.6242,28.832
val,0_1_part_006.mp4_frame_000323.jpg,4.3649,44.05,25.0705
val,0_1_part_006.mp4_frame_000327.jpg,4.4211,43.6057,28.0483
val,0_1_part_006.mp4_frame_000328.jpg,4.4895,43.9162,27.8521
val,0_1_part_006.mp4_frame_000356.jpg,4.1407,41.9797,26.8665
val,0_1_part_006.mp4_frame_000362.jpg,4.1602,42.9826,26.9645
val,0_1_part_006.mp4_frame_000363.jpg,4.2052,43.279,26.3883
val,0_1_part_006.mp4_frame_000370.jpg,4.0234,41.8742,26.3909
val,0_1_part_006.mp4_frame_000391.jpg,4.155,42.1525,26.0831
val,0_1_part_006.mp4_frame_000405.jpg,4.1141,41.6486,29.0685
val,0_1_part_006.mp4_frame_000408.jpg,4.1861,41.1628,30.2502
val,0_1_part_006.mp4_frame_000411.jpg,4.193,40.8845,29.5324
val,0_1_part_006.mp4_frame_000415.jpg,4.1163,40.6652,30.653
val,0_1_part_006.mp4_frame_000425.jpg,4.5288,41.2961,31.9272
val,0_1_part_006.mp4_frame_000452.jpg,4.2692,40.7355,26.4072
val,0_1_part_006.mp4_frame_000474.jpg,4.916,35.4523,42.5873
val,0_1_part_006.mp4_frame_000479.jpg,4.9499,37.2492,46.9308
val,0_1_part_006.mp4_frame_000489.jpg,5.9399,47.2141,56.4889
val,0_1_part_006.mp4_frame_000494.jpg,6.323,49.5505,61.2688
val,0_1_part_006.mp4_frame_000497.jpg,6.432,51.9787,64.8832
val,0_1_part_006.mp4_frame_000503.jpg,5.0132,40.4221,49.4022
val,0_1_part_006.mp4_frame_000504.jpg,5.0149,40.7209,49.4986
val,0_1_part_006.mp4_frame_000508.jpg,4.808,39.5099,47.2967
val,0_1_part_006.mp4_frame_000525.jpg,4.6021,42.6813,49.4877
val,0_1_part_006.mp4_frame_000532.jpg,5.8953,49.9953,63.346
val,0_1_part_006.mp4_frame_000555.jpg,6.2667,51.466,59.2209
val,0_1_part_006.mp4_frame_000560.jpg,4.6307,38.4855,39.1619
val,0_1_part_007.mp4_frame_000001.jpg,4.044,38.4445,24.9884
val,0_1_part_007.mp4_frame_000002.jpg,3.9505,37.9831,24.9618
val,0_1_part_007.mp4_frame_000006.jpg,4.0737,39.9059,26.0034
val,0_1_part_007.mp4_frame_000047.jpg,4.0592,40.1833,30.9035
val,0_1_part_007.mp4_frame_000050.jpg,4.1513,41.2516,31.1601
val,0_1_part_007.mp4_frame_000065.jpg,4.179,41.5124,32.1629
val,0_1_part_007.mp4_frame_000070.jpg,3.663,36.8439,20.7271
val,0_1_part_007.mp4_frame_000079.jpg,3.9018,37.9445,24.5522
val,0_1_part_007.mp4_frame_000087.jpg,3.7631,38.2824,25.9266
val,0_1_part_007.mp4_frame_000091.jpg,3.7984,38.6882,26.7712
val,0_1_part_007.mp4_frame_000097.jpg,3.8063,36.8976,25.3159
val,0_1_part_007.mp4_frame_000106.jpg,4.0247,36.0651,31.5286
val,0_1_part_007.mp4_frame_000122.jpg,3.879,38.2521,29.5155
val,0_1_part_007.mp4_frame_000125.jpg,4.5045,37.2473,40.2955
val,0_1_part_007.mp4_frame_000126.jpg,5.071,40.5969,42.5154
val,0_1_part_007.mp4_frame_000131.jpg,3.7735,36.5812,20.752
val,0_1_part_007.mp4_frame_000150.jpg,3.894,38.1545,23.3453
val,0_1_part_007.mp4_frame_000154.jpg,3.954,37.7726,23.0908
val,0_1_part_007.mp4_frame_000173.jpg,4.1016,39.4201,25.8593
val,0_1_part_007.mp4_frame_000174.jpg,4.0971,39.5324,25.806
val,0_1_part_007.mp4_frame_000181.jpg,3.641,37.8806,24.1301
val,0_1_part_007.mp4_frame_000182.jpg,3.7509,37.5388,22.7926
val,0_1_part_007.mp4_frame_000185.jpg,3.8363,37.3893,23.6079
val,0_1_part_007.mp4_frame_000195.jpg,3.7839,35.7878,20.3815
val,0_1_part_007.mp4_frame_000227.jpg,3.9594,38.321,25.3521
val,0_1_part_007.mp4_frame_000231.jpg,3.8667,38.5109,24.1158
val,0_1_part_007.mp4_frame_000235.jpg,3.9858,38.6574,23.7392
val,0_1_part_007.mp4_frame_000241.jpg,3.8088,37.9987,23.366
val,0_1_part_007.mp4_frame_000243.jpg,3.915,38.1999,23.4693
val,0_1_part_007.mp4_frame_000257.jpg,3.7145,36.0705,20.789
val,0_1_part_007.mp4_frame_000260.jpg,4.136,36.07,29.82
val,0_1_part_007.mp4_frame_000267.jpg,4.4848,34.3034,33.0471
val,0_1_part_007.mp4_frame_000269.jpg,4.3122,34.2497,32.7223
val,0_1_part_007.mp4_frame_000287.jpg,4.1215,38.4431,31.1246
val,0_1_part_007.mp4_frame_000290.jpg,4.1007,38.4528,31.1947
val,0_1_part_007.mp4_frame_000291.jpg,4.0303,38.2057,32.067
val,0_1_part_007.mp4_frame_000296.jpg,4.2039,38.1428,39.8082
val,0_1_part_007.mp4_frame_000300.jpg,4.1578,37.0759,36.7628
val,0_1_part_007.mp4_frame_000330.jpg,4.0487,40.0681,30.0137
val,0_1_part_007.mp4_frame_000332.jpg,4.0302,39.5417,29.3494
val,0_1_part_007.mp4_frame_000335.jpg,3.9974,40.0109,29.0743
val,0_1_part_007.mp4_frame_000338.jpg,3.8748,38.8908,27.4519
val,0_1_part_007.mp4_frame_000342.jpg,3.9362,38.7878,27.8441
val,0_1_part_007.mp4_frame_000353.jpg,4.0011,40.3439,30.794
val,0_1_part_007.mp4_frame_000357.jpg,3.9708,40.4958,31.3919
val,0_1_part_007.mp4_frame_000360.jpg,3.9084,38.0187,25.7532
val,0_1_part_007.mp4_frame_000373.jpg,4.1875,39.1198,32.6197
val,0_1_part_007.mp4_frame_000402.jpg,4.3519,36.7673,39.8795
val,0_1_part_007.mp4_frame_000407.jpg,4.3606,37.7717,40.2267
val,0_1_part_007.mp4_frame_000410.jpg,4.3461,38.8527,40.6184
val,0_1_part_007.mp4_frame_000427.jpg,4.2447,36.0163,40.1202
val,0_1_part_007.mp4_frame_000448.jpg,4.5001,39.0275,40.196
val,0_1_part_007.mp4_frame_000458.jpg,4.3582,38.5358,40.285
val,0_1_part_007.mp4_frame_000461.jpg,4.3549,37.9562,41.5611
val,0_1_part_007.mp4_frame_000494.jpg,4.3789,39.0681,40.4142
val,0_1_part_007.mp4_frame_000499.jpg,4.1131,38.0734,39.6639
val,0_1_part_007.mp4_frame_000500.jpg,4.1657,38.1901,38.2718
val,0_1_part_007.mp4_frame_000509.jpg,4.2064,38.0685,39.0303
val,0_1_part_007.mp4_frame_000520.jpg,4.7079,37.1896,42.9109
val,0_1_part_007.mp4_frame_000528.jpg,4.9836,41.5475,49.795
val,0_1_part_007.mp4_frame_000536.jpg,4.5071,38.4235,43.1864
val,0_1_part_007.mp4_frame_000543.jpg,5.5143,39.3713,50.1369
val,0_1_part_007.mp4_frame_000554.jpg,4.54,36.093,39.9316
val,0_1_part_007.mp4_frame_000559.jpg,6.0381,48.9523,56.4299
val,0_1_part_007.mp4_frame_000578.jpg,4.7191,34.7531,42.9639
val,0_1_part_007.mp4_frame_000581.jpg,5.7303,40.9636,50.4103
val,0_1_part_008.mp4_frame_000010.jpg,4.0432,41.0051,30.8024
val,0_1_part_008.mp4_frame_000021.jpg,3.9194,40.3879,29.9811
val,0_1_part_008.mp4_frame_000024.jpg,4.0795,35.0822,35.4218
val,0_1_part_008.mp4_frame_000057.jpg,4.7398,40.6154,45.7708
val,0_1_part_008.mp4_frame_000082.jpg,4.1054,38.1848,41.0909
val,0_1_part_008.mp4_frame_000090.jpg,3.9103,38.1257,35.7836
val,0_1_part_008.mp4_frame_000109.jpg,4.1622,37.257,38.7446
val,0_1_part_008.mp4_frame_000121.jpg,4.0581,36.3439,31.0867
val,0_1_part_008.mp4_frame_000148.jpg,4.2198,39.612,34.4336
val,0_1_part_008.mp4_frame_000168.jpg,4.5336,37.6359,48.6372
val,0_1_part_008.mp4_frame_000172.jpg,4.3313,37.4968,42.7586
val,0_1_part_008.mp4_frame_000181.jpg,5.1306,41.5505,48.2544
val,0_1_part_008.mp4_frame_000184.jpg,5.3558,43.3044,53.012
val,0_1_part_008.mp4_frame_000186.jpg,5.6979,45.4636,59.1247
val,0_1_part_008.mp4_frame_000201.jpg,4.2739,34.1931,46.685
val,0_1_part_008.mp4_frame_000207.jpg,4.0748,33.673,43.3154
val,0_1_part_008.mp4_frame_000215.jpg,4.5055,33.8185,47.0627
val,0_1_part_008.mp4_frame_000227.jpg,4.3401,37.1213,38.501
val,0_1_part_008.mp4_frame_000230.jpg,4.3907,38.9562,39.1425
val,0_1_part_008.mp4_frame_000239.jpg,3.8609,37.2023,34.1717
val,0_1_part_008.mp4_frame_000251.jpg,4.0585,34.6931,38.9768
val,0_1_part_008.mp4_frame_000255.jpg,3.691,33.3185,36.6368
val,0_1_part_008.mp4_frame_000271.jpg,5.1908,38.3869,55.3025
val,0_1_part_008.mp4_frame_000278.jpg,5.0452,35.9343,50.3001
val,0_1_part_008.mp4_frame_000279.jpg,4.8081,35.6496,47.9241
val,0_1_part_008.mp4_frame_000295.jpg,4.9242,37.2468,50.4294
val,0_1_part_008.mp4_frame_000300.jpg,4.1087,32.882,47.1591
val,0_1_part_008.mp4_frame_000345.jpg,4.1179,37.4514,41.1803
val,0_1_part_008.mp4_frame_000362.jpg,3.9047,31.7722,44.561
val,0_1_part_008.mp4_frame_000366.jpg,3.9169,33.5251,41.7149
val,0_1_part_008.mp4_frame_000367.jpg,3.8386,33.61,41.0396
val,0_1_part_008.mp4_frame_000383.jpg,3.6561,36.8747,36.8162
val,0_1_part_008.mp4_frame_000386.jpg,4.8322,38.0124,45.1784
val,0_1_part_008.mp4_frame_000387.jpg,5.2018,38.1374,51.3084
val,0_1_part_008.mp4_frame_000390.jpg,5.2858,39.1472,55.1452
val,0_1_part_008.mp4_frame_000394.jpg,4.7646,33.6984,46.8963
val,0_1_part_008.mp4_frame_000397.jpg,4.3076,33.3229,43.8441
val,0_1_part_008.mp4_frame_000419.jpg,3.941,32.9514,30.3255
val,0_1_part_008.mp4_frame_000420.jpg,3.6422,32.8869,31.6855
val,0_1_part_008.mp4_frame_000422.jpg,3.5519,33.8024,33.3587
val,0_1_part_008.mp4_frame_000436.jpg,3.6511,34.4665,33.8933
val,0_1_part_008.mp4_frame_000448.jpg,3.6882,36.757,34.72
val,0_1_part_008.mp4_frame_000465.jpg,3.5897,33.3337,37.608
val,0_1_part_008.mp4_frame_000469.jpg,3.7251,33.7726,39.7207
val,0_1_part_008.mp4_frame_000477.jpg,3.6335,35.8259,40.8781
val,0_1_part_008.mp4_frame_000495.jpg,5.2547,43.6911,57.7037
val,0_1_part_008.mp4_frame_000499.jpg,3.9734,33.4074,46.7267
val,0_1_part_008.mp4_frame_000534.jpg,3.9017,36.2023,45.7652
val,0_1_part_008.mp4_frame_000554.jpg,5.6382,41.3273,63.8241
val,0_1_part_008.mp4_frame_000566.jpg,4.1843,36.0715,44.4352
val,0_1_part_009.mp4_frame_000006.jpg,4.3074,37.7814,48.6139
val,0_1_part_009.mp4_frame_000030.jpg,4.7276,38.9724,57.3671
val,0_1_part_009.mp4_frame_000046.jpg,4.6184,39.6506,53.823
val,0_1_part_009.mp4_frame_000047.jpg,4.5308,38.4743,50.5847
val,0_1_part_009.mp4_frame_000050.jpg,4.1867,37.3508,44.5548
val,0_1_part_009.mp4_frame_000055.jpg,3.6957,34.7512,38.444
val,0_1_part_009.mp4_frame_000060.jpg,3.4799,34.444,35.5331
val,0_1_part_009.mp4_frame_000067.jpg,3.4051,33.2458,34.9874
val,0_1_part_009.mp4_frame_000085.jpg,3.2109,30.3625,32.7982
val,0_1_part_009.mp4_frame_000089.jpg,3.2483,29.9601,32.6993
val,0_1_part_009.mp4_frame_000090.jpg,3.2775,29.9968,33.4438
val,0_1_part_009.mp4_frame_000091.jpg,3.2779,29.9933,33.3466
val,0_1_part_009.mp4_frame_000108.jpg,3.0002,29.7966,34.1142
val,0_1_part_009.mp4_frame_000114.jpg,2.8746,29.5065,33.8839
val,0_1_part_009.mp4_frame_000115.jpg,2.8568,29.3171,33.8694
val,0_1_part_009.mp4_frame_000129.jpg,3.2026,34.4562,33.1032
val,0_1_part_009.mp4_frame_000139.jpg,3.291,35.1096,35.1701
val,0_1_part_009.mp4_frame_000142.jpg,3.2954,36.1013,34.4431
val,0_1_part_009.mp4_frame_000145.jpg,3.2974,37.2634,35.3188
val,0_1_part_009.mp4_frame_000184.jpg,3.1631,27.1813,28.4902
val,0_1_part_009.mp4_frame_000187.jpg,3.1929,26.8224,28.3323
val,0_1_part_009.mp4_frame_000193.jpg,3.4339,38.7141,44.5315
val,0_1_part_009.mp4_frame_000194.jpg,3.1148,35.718,32.8895
val,0_1_part_009.mp4_frame_000224.jpg,3.6053,38.947,31.2909
val,0_1_part_009.mp4_frame_000228.jpg,3.428,38.1418,34.441
val,0_1_part_009.mp4_frame_000237.jpg,4.7683,42.3347,55.994
val,0_1_part_009.mp4_frame_000243.jpg,5.274,46.3366,53.8178
val,0_1_part_009.mp4_frame_000256.jpg,4.0127,35.7824,37.4196
val,0_1_part_009.mp4_frame_000266.jpg,3.9858,37.0515,36.004
val,0_1_part_009.mp4_frame_000269.jpg,3.9101,38.1301,34.7849
val,0_1_part_009.mp4_frame_000273.jpg,3.4118,37.0871,28.1023
val,0_1_part_009.mp4_frame_000293.jpg,3.5163,37.7258,23.2854
val,0_1_part_009.mp4_frame_000294.jpg,3.5872,38.4245,23.9809
val,0_1_part_009.mp4_frame_000301.jpg,3.5727,37.8615,23.6857
val,0_1_part_009.mp4_frame_000305.jpg,3.3262,33.2267,23.6566
val,0_1_part_009.mp4_frame_000313.jpg,3.4635,34.7658,22.6164
val,0_1_part_009.mp4_frame_000314.jpg,3.5041,34.2653,22.7804
val,0_1_part_009.mp4_frame_000316.jpg,3.5205,34.7687,22.2154
val,0_1_part_009.mp4_frame_000336.jpg,3.351,34.0954,22.3015
val,0_1_part_009.mp4_frame_000352.jpg,2.7894,27.2863,20.1312
val,0_1_part_009.mp4_frame_000353.jpg,2.8365,27.1701,20.1886
val,0_1_part_009.mp4_frame_000358.jpg,2.8779,26.1379,21.7988
val,0_1_part_009.mp4_frame_000372.jpg,2.7215,25.2824,23.4539
val,0_1_part_009.mp4_frame_000380.jpg,3.1893,27.3,22.4754
val,0_1_part_009.mp4_frame_000381.jpg,3.2226,27.8093,22.9582
val,0_1_part_009.mp4_frame_000418.jpg,3.3125,29.5148,22.2044
val,0_1_part_009.mp4_frame_000450.jpg,3.2174,30.4875,24.0095
val,0_1_part_009.mp4_frame_000451.jpg,3.2881,30.6203,23.3815
val,0_1_part_009.mp4_frame_000455.jpg,3.3303,30.7634,24.4429
val,0_1_part_009.mp4_frame_000475.jpg,3.405,29.78,22.9982
val,0_1_part_009.mp4_frame_000486.jpg,3.2389,28.6389,23.2799
val,0_1_part_009.mp4_frame_000492.jpg,3.5229,33.0207,23.6876
val,0_1_part_009.mp4_frame_000516.jpg,3.3182,34.4094,25.9977
val,0_1_part_009.mp4_frame_000523.jpg,3.1491,32.5944,24.8918
val,0_1_part_009.mp4_frame_000527.jpg,3.3913,34.7331,27.3403
val,0_1_part_009.mp4_frame_000530.jpg,3.2242,33.0134,25.6531
val,0_1_part_009.mp4_frame_000540.jpg,3.427,34.6545,27.4546
val,0_1_part_009.mp4_frame_000543.jpg,2.845,29.9831,23.8797
val,0_1_part_009.mp4_frame_000555.jpg,3.2297,31.3098,23.9394
val,0_1_part_009.mp4_frame_000564.jpg,3.4451,33.8576,27.4313
val,0_1_part_009.mp4_frame_000580.jpg,3.3366,32.3498,25.2832
val,0_1_part_010_resplit_0_1_part_010_part_001.mp4_frame_000007.jpg,3.0049,29.2473,20.1892
val,0_1_part_010_resplit_0_1_part_010_part_001.mp4_frame_000009.jpg,3.2587,30.3669,22.5365
val,0_1_part_010_resplit_0_1_part_010_part_001.mp4_frame_000021.jpg,3.2051,30.3859,21.99
val,0_1_part_010_resplit_0_1_part_010_part_001.mp4_frame_000033.jpg,3.2454,31.9094,22.864
val,0_1_part_010_resplit_0_1_part_010_part_001.mp4_frame_000034.jpg,3.3109,32.0471,23.1872
val,0_1_part_010_resplit_0_1_part_010_part_001.mp4_frame_000047.jpg,3.3274,33.3205,25.3437
val,0_1_part_010_resplit_0_1_part_010_part_001.mp4_frame_000058.jpg,3.1033,30.3752,23.2121
val,0_1_part_010_resplit_0_1_part_010_part_001.mp4_frame_000059.jpg,3.2496,31.4255,24.3136
val,0_1_part_010_resplit_0_1_part_010_part_001.mp4_frame_000070.jpg,3.1134,28.7468,20.6125
val,0_1_part_010_resplit_0_1_part_010_part_001.mp4_frame_000071.jpg,3.0746,29.1042,20.6841
val,0_1_part_010_resplit_0_1_part_010_part_001.mp4_frame_000080.jpg,2.9936,28.444,20.9149
val,0_1_part_010_resplit_0_1_part_010_part_001.mp4_frame_000099.jpg,3.3624,33.216,25.5701
val,0_1_part_010_resplit_0_1_part_010_part_001.mp4_frame_000109.jpg,3.3218,32.9445,24.2372
val,0_1_part_010_resplit_0_1_part_010_part_001.mp4_frame_000124.jpg,3.2851,33.5363,23.8685
val,0_1_part_010_resplit_0_1_part_010_part_001.mp4_frame_000147.jpg,3.1851,32.4279,22.4829
val,0_1_part_010_resplit_0_1_part_010_part_001.mp4_frame_000151.jpg,3.107,33.1359,22.4489
val,0_1_part_010_resplit_0_1_part_010_part_001.mp4_frame_000159.jpg,3.2222,33.551,23.2038
val,0_1_part_010_resplit_0_1_part_010_part_001.mp4_frame_000163.jpg,3.2692,34.5851,23.5096
val,0_1_part_010_resplit_0_1_part_010_part_001.mp4_frame_000167.jpg,3.325,34.8683,26.5006
val,0_1_part_010_resplit_0_1_part_010_part_001.mp4_frame_000168.jpg,3.2701,34.6574,25.2783
val,0_1_part_010_resplit_0_1_part_010_part_001.mp4_frame_000170.jpg,3.2052,33.0646,24.0006
val,0_1_part_010_resplit_0_1_part_010_part_001.mp4_frame_000182.jpg,3.3625,35.6511,26.9218
val,0_1_part_010_resplit_0_1_part_010_part_001.mp4_frame_000188.jpg,3.1329,31.257,22.3719
val,0_1_part_010_resplit_0_1_part_010_part_001.mp4_frame_000190.jpg,3.1358,31.5695,22.8904
val,0_1_part_010_resplit_0_1_part_010_part_001.mp4_frame_000222.jpg,3.5355,35.0715,22.9991
val,0_1_part_010_resplit_0_1_part_010_part_001.mp4_frame_000227.jpg,3.6114,35.9387,25.4654
val,0_1_part_010_resplit_0_1_part_010_part_001.mp4_frame_000228.jpg,3.5649,35.256,23.663
val,0_1_part_010_resplit_0_1_part_010_part_001.mp4_frame_000240.jpg,3.5299,34.1516,23.0416
val,0_1_part_010_resplit_0_1_part_010_part_001.mp4_frame_000242.jpg,3.4267,34.1066,22.0207
val,0_1_part_010_resplit_0_1_part_010_part_001.mp4_frame_000255.jpg,3.5233,33.0197,21.1748
val,0_1_part_010_resplit_0_1_part_010_part_001.mp4_frame_000260.jpg,3.1692,28.5441,22.5379
val,0_1_part_010_resplit_0_1_part_010_part_001.mp4_frame_000287.jpg,3.3765,25.5485,26.3508
val,0_1_part_010_resplit_0_1_part_010_part_002.mp4_frame_000002.jpg,3.0406,22.2414,26.1228
val,0_1_part_010_resplit_0_1_part_010_part_002.mp4_frame_000044.jpg,3.597,30.2087,22.8074
val,0_1_part_010_resplit_0_1_part_010_part_002.mp4_frame_000046.jpg,3.4102,29.0671,22.5302
val,0_1_part_010_resplit_0_1_part_010_part_002.mp4_frame_000059.jpg,3.3353,27.8932,22.7421
val,0_1_part_010_resplit_0_1_part_010_part_002.mp4_frame_000060.jpg,3.3611,28.3303,23.3223
val,0_1_part_010_resplit_0_1_part_010_part_002.mp4_frame_000070.jpg,3.2476,26.6516,24.259
val,0_1_part_010_resplit_0_1_part_010_part_002.mp4_frame_000079.jpg,3.0418,23.84,25.3133
val,0_1_part_010_resplit_0_1_part_010_part_002.mp4_frame_000080.jpg,3.0539,24.3835,25.5744
val,0_1_part_010_resplit_0_1_part_010_part_002.mp4_frame_000112.jpg,3.4037,29.6857,25.117
val,0_1_part_010_resplit_0_1_part_010_part_002.mp4_frame_000117.jpg,3.2539,27.735,22.2532
val,0_1_part_010_resplit_0_1_part_010_part_002.mp4_frame_000121.jpg,3.3812,28.6164,22.779
val,0_1_part_010_resplit_0_1_part_010_part_002.mp4_frame_000146.jpg,3.4981,29.799,22.1817
val,0_1_part_010_resplit_0_1_part_010_part_002.mp4_frame_000153.jpg,3.3576,27.5832,21.2448
val,0_1_part_010_resplit_0_1_part_010_part_002.mp4_frame_000159.jpg,3.5151,28.6301,23.1831
val,0_1_part_010_resplit_0_1_part_010_part_002.mp4_frame_000164.jpg,3.5595,30.8234,21.7262
val,0_1_part_010_resplit_0_1_part_010_part_002.mp4_frame_000181.jpg,3.1687,26.3849,24.1398
val,0_1_part_010_resplit_0_1_part_010_part_002.mp4_frame_000182.jpg,3.1514,26.7209,25.3202
val,0_1_part_010_resplit_0_1_part_010_part_002.mp4_frame_000185.jpg,3.1552,26.9938,24.8583
val,0_1_part_010_resplit_0_1_part_010_part_002.mp4_frame_000199.jpg,3.1171,27.8151,23.0112
val,0_1_part_010_resplit_0_1_part_010_part_002.mp4_frame_000203.jpg,3.062,28.028,23.5408
val,0_1_part_010_resplit_0_1_part_010_part_002.mp4_frame_000208.jpg,2.9976,24.9377,21.996
val,0_1_part_010_resplit_0_1_part_010_part_002.mp4_frame_000231.jpg,3.2932,30.3264,25.4703
val,0_1_part_010_resplit_0_1_part_010_part_002.mp4_frame_000237.jpg,2.9969,26.3342,26.3275
val,0_1_part_010_resplit_0_1_part_010_part_002.mp4_frame_000238.jpg,3.0315,26.1769,27.1452
val,0_1_part_010_resplit_0_1_part_010_part_002.mp4_frame_000249.jpg,3.3453,30.2726,26.4155
val,0_1_part_010_resplit_0_1_part_010_part_002.mp4_frame_000253.jpg,3.3831,31.1057,25.7534
val,0_1_part_010_resplit_0_1_part_010_part_002.mp4_frame_000254.jpg,3.4369,31.4973,26.1866
val,0_1_part_010_resplit_0_1_part_010_part_002.mp4_frame_000268.jpg,3.1586,28.1652,26.0507
val,0_1_part_010_resplit_0_1_part_010_part_002.mp4_frame_000272.jpg,3.2915,29.048,24.9034
val,0_1_part_010_resplit_0_1_part_010_part_002.mp4_frame_000287.jpg,3.5179,30.2814,26.112
val,0_1_part_011.mp4_frame_000001.jpg,3.5967,30.5856,26.486
val,0_1_part_011.mp4_frame_000011.jpg,3.3282,29.4357,24.9726
val,0_1_part_011.mp4_frame_000014.jpg,3.368,31.1135,24.8718
val,0_1_part_011.mp4_frame_000017.jpg,3.5105,31.9562,25.7419
val,0_1_part_011.mp4_frame_000022.jpg,3.36,30.9328,30.1934
val,0_1_part_011.mp4_frame_000024.jpg,3.3312,30.4933,27.4003
val,0_1_part_011.mp4_frame_000038.jpg,3.4682,32.3825,30.1931
val,0_1_part_011.mp4_frame_000040.jpg,3.5025,31.7975,28.1745
val,0_1_part_011.mp4_frame_000047.jpg,3.368,32.0187,29.3065
val,0_1_part_011.mp4_frame_000070.jpg,4.2563,31.3752,38.0699
val,0_1_part_011.mp4_frame_000081.jpg,4.4786,35.2526,41.7072
val,0_1_part_011.mp4_frame_000095.jpg,4.3949,34.5583,43.9382
val,0_1_part_011.mp4_frame_000108.jpg,3.6832,37.8928,26.5743
val,0_1_part_011.mp4_frame_000111.jpg,3.5741,38.2844,31.1992
val,0_1_part_011.mp4_frame_000122.jpg,3.997,39.0222,29.2698
val,0_1_part_011.mp4_frame_000146.jpg,3.6233,35.133,21.7051
val,0_1_part_011.mp4_frame_000166.jpg,3.9631,38.9826,25.3668
val,0_1_part_011.mp4_frame_000178.jpg,4.0711,39.5891,27.6625
val,0_1_part_011.mp4_frame_000196.jpg,3.42,27.5012,26.514
val,0_1_part_011.mp4_frame_000202.jpg,3.6707,28.7966,29.8779
val,0_1_part_011.mp4_frame_000204.jpg,3.8768,30.653,29.8899
val,0_1_part_011.mp4_frame_000212.jpg,4.0254,31.3513,33.5743
val,0_1_part_011.mp4_frame_000218.jpg,4.0424,31.3015,34.8597
val,0_1_part_012.mp4_frame_000197.jpg,4.6981,43.8176,32.0438
val,0_1_part_012.mp4_frame_000201.jpg,4.5656,43.008,30.1233
val,0_1_part_012.mp4_frame_000213.jpg,4.4602,42.4142,30.0778
val,0_1_part_012.mp4_frame_000224.jpg,4.2661,41.9484,29.1425
val,0_1_part_012.mp4_frame_000226.jpg,4.309,41.6105,28.4191
val,0_1_part_012.mp4_frame_000240.jpg,4.3315,42.5334,26.1354
val,0_1_part_012.mp4_frame_000249.jpg,3.9989,41.4572,27.8259
val,0_1_part_012.mp4_frame_000265.jpg,3.9715,41.7067,27.9412
val,0_1_part_012.mp4_frame_000269.jpg,4.0165,41.9767,27.6229
val,0_1_part_012.mp4_frame_000285.jpg,4.3772,42.6266,30.1611
val,0_1_part_012.mp4_frame_000289.jpg,4.2292,41.0998,24.9861
val,0_1_part_012.mp4_frame_000314.jpg,4.3478,41.5934,26.8121
val,0_1_part_012.mp4_frame_000382.jpg,3.435,36.3766,32.7162
val,0_1_part_012.mp4_frame_000383.jpg,3.5425,36.9738,32.4416
val,0_1_part_012.mp4_frame_000386.jpg,3.4374,36.9177,32.5699
val,0_1_part_012.mp4_frame_000398.jpg,3.6686,39.4518,34.7184
val,0_1_part_012.mp4_frame_000419_negative.jpg,4.3802,39.6086,27.3758
val,0_1_part_012.mp4_frame_000433_negative.jpg,4.6822,43.6237,26.7749
val,0_1_part_012.mp4_frame_000437_negative.jpg,4.6991,43.381,28.4445
val,0_1_part_012.mp4_frame_000451.jpg,4.9288,43.3605,36.4874
val,0_1_part_012.mp4_frame_000469.jpg,4.5971,43.1296,31.4305
val,0_1_part_012.mp4_frame_000490.jpg,4.4601,40.5143,31.3437
val,0_1_part_012.mp4_frame_000517.jpg,4.2298,38.2258,31.3869
val,0_1_part_012.mp4_frame_000563.jpg,4.8103,38.7272,27.9804
